id,name,address,city,description,route_id
1,deliver web-enabled bandwidth,68474 Havey Avenue,Itaúna,Nulla nisl.,448
2,brand transparent e-services,1 Monica Court,Maoya,,809
3,whiteboard synergistic systems,92054 Autumn Leaf Alley,Hengyang,,887
4,orchestrate scalable eyeballs,22 Thackeray Parkway,Huangwan,Duis mattis egestas metus. Aenean fermentum.,415
5,revolutionize magnetic infomediaries,3737 Sundown Hill,Huage,,37
6,empower 24/7 action-items,966 Carioca Street,Issa,"Nullam orci pede, venenatis non, sodales sed, tincidunt eu, felis. Fusce posuere felis sed lacus.",918
7,transform killer niches,8161 Anthes Circle,Stockholm,,328
8,grow viral e-business,1 Marcy Place,Portela,Cras non velit nec nisi vulputate nonummy. Maecenas tincidunt lacus at velit.,391
9,envisioneer plug-and-play niches,5954 Browning Alley,Gambiran,Morbi non lectus. Aliquam sit amet diam in magna bibendum imperdiet.,386
10,scale interactive deliverables,8 Lighthouse Bay Street,Anserma,,986
11,architect cross-media solutions,9 Manley Place,Örnsköldsvik,In quis justo. Maecenas rhoncus aliquam lacus.,154
12,mesh value-added e-services,76 Heffernan Center,Ntonggu,,338
13,innovate dot-com infomediaries,4 Carioca Plaza,Turnišče,"Duis bibendum, felis sed interdum venenatis, turpis enim blandit mi, in porttitor pede justo eu massa.",947
14,scale B2B niches,01926 Elgar Point,Guaduas,Proin interdum mauris non ligula pellentesque ultrices. Phasellus id sapien in sapien iaculis congue.,911
15,streamline sticky e-tailers,96090 Fieldstone Parkway,Fulnek,,89
16,redefine clicks-and-mortar relationships,9792 Coolidge Park,Huoqiu Chengguanzhen,"Morbi vestibulum, velit id pretium iaculis, diam erat fermentum justo, nec condimentum neque sapien placerat ante. Nulla justo.",679
17,transform robust technologies,1 Cambridge Road,Nansan,Ut tellus. Nulla ut erat id mauris vulputate elementum.,340
18,enable enterprise functionalities,130 Helena Alley,Tanza,Sed accumsan felis.,933
19,disintermediate real-time models,34 1st Court,Hodoš,Fusce consequat.,817
20,synergize intuitive users,8100 School Court,Český Těšín,Quisque id justo sit amet sapien dignissim vestibulum.,362
21,engage bricks-and-clicks users,855 Namekagon Terrace,Mizhhir’ya,In hac habitasse platea dictumst.,907
22,drive transparent eyeballs,6153 Village Court,Porto de Mós,,262
23,exploit 24/7 convergence,1 Talmadge Drive,Pýli,Donec dapibus. Duis at velit eu est congue elementum.,981
24,enable synergistic portals,371 Grim Drive,Al Jaghbūb,,976
25,incubate cutting-edge e-tailers,4 Esker Crossing,Kalugmanan,,359
26,empower cross-platform interfaces,2 Russell Place,Pingwang,,253
27,implement dynamic markets,912 Michigan Crossing,Sale,Nullam molestie nibh in lectus.,866
28,innovate bricks-and-clicks experiences,552 Everett Trail,Dŭstí,"Fusce lacus purus, aliquet at, feugiat non, pretium quis, lectus.",959
29,redefine web-enabled paradigms,266 Harbort Place,Janowice,,432
30,reintermediate cross-media relationships,460 Elka Court,Sukaratu,"Fusce lacus purus, aliquet at, feugiat non, pretium quis, lectus.",144
31,monetize global architectures,40 Erie Drive,Houston,,125
32,transition vertical architectures,83 Scoville Alley,Borik,Proin interdum mauris non ligula pellentesque ultrices. Phasellus id sapien in sapien iaculis congue.,744
33,morph magnetic infomediaries,826 Kipling Circle,Runsonglaozhai,,213
34,brand 24/7 methodologies,57408 Almo Hill,Vinica,"Donec vitae nisi. Nam ultrices, libero non mattis pulvinar, nulla pede ullamcorper augue, a suscipit nulla elit ac nulla.",579
35,whiteboard enterprise partnerships,3871 Utah Hill,Bendosewu,Etiam vel augue. Vestibulum rutrum rutrum neque.,234
36,embrace next-generation architectures,53906 High Crossing Court,Koga,,45
37,maximize proactive architectures,27132 Clarendon Junction,Oemanu,,773
38,iterate back-end markets,2697 Southridge Place,Abaeté,,581
39,e-enable mission-critical relationships,25806 Warner Trail,Hương Sơn,,163
40,revolutionize next-generation ROI,988 Hazelcrest Crossing,Sechelt,,239
41,benchmark synergistic relationships,9 Village Way,Lamarosa,"Donec ut mauris eget massa tempor convallis. Nulla neque libero, convallis eget, eleifend luctus, ultricies eu, nibh.",779
42,recontextualize user-centric content,3 Harper Lane,Kota Kinabalu,Nullam molestie nibh in lectus.,111
43,generate integrated eyeballs,3 Pine View Plaza,Calumpit,Quisque id justo sit amet sapien dignissim vestibulum.,390
44,envisioneer interactive paradigms,77351 Granby Circle,Hongsi,"Donec diam neque, vestibulum eget, vulputate ut, ultrices vel, augue.",794
45,enable front-end models,6394 Loomis Lane,Qunsheng,Nunc purus.,355
46,scale front-end technologies,010 Duke Terrace,Solor,Morbi vel lectus in quam fringilla rhoncus.,77
47,exploit rich markets,10 Ridgeway Alley,Erdenet,,884
48,streamline holistic users,868 Portage Way,Lian’an,"Fusce lacus purus, aliquet at, feugiat non, pretium quis, lectus. Suspendisse potenti.",136
49,target granular initiatives,5803 Farragut Way,Tsuma,Donec quis orci eget orci vehicula condimentum. Curabitur in libero ut massa volutpat convallis.,412
50,incubate extensible networks,05 Hallows Crossing,Bin Yauri,Vestibulum ante ipsum primis in faucibus orci luctus et ultrices posuere cubilia Curae,173
51,orchestrate vertical methodologies,739 Sunnyside Street,Río Tercero,,2
52,orchestrate web-enabled eyeballs,8014 Vermont Trail,Tangkil,Cras in purus eu magna vulputate luctus.,719
53,innovate bleeding-edge vortals,918 Pepper Wood Court,Pakel,Pellentesque ultrices mattis odio.,385
54,repurpose integrated e-services,928 Melvin Center,Vila Chã do Monte,"Nulla neque libero, convallis eget, eleifend luctus, ultricies eu, nibh.",963
55,scale leading-edge portals,481 Melrose Street,Jawhar,,835
56,cultivate 24/7 interfaces,1724 Reinke Drive,Hengxi,Ut at dolor quis odio consequat varius. Integer ac leo.,55
57,expedite frictionless niches,445 Meadow Vale Crossing,Cayang,,780
58,visualize compelling deliverables,0 Hoard Pass,Bayan Qagan,,307
59,extend robust e-services,73 Hayes Street,Xianghua,,338
60,strategize proactive infomediaries,95 8th Court,Ranilug,,982
61,whiteboard best-of-breed infomediaries,03587 Bartillon Point,Tanshan,"Cum sociis natoque penatibus et magnis dis parturient montes, nascetur ridiculus mus.",508
62,revolutionize out-of-the-box e-tailers,16 David Circle,Shahrisabz Shahri,Vestibulum sed magna at nunc commodo placerat. Praesent blandit.,21
63,embrace proactive interfaces,52916 Coolidge Way,Yangying,,52
64,engage cross-platform infomediaries,0684 Springview Park,Mosjøen,,911
65,deploy granular e-business,0 Fulton Center,Donghai,,933
66,matrix sexy supply-chains,6 Butternut Junction,Anār,In quis justo.,286
67,incentivize one-to-one web services,561 Mesta Pass,Tacoma,"Proin leo odio, porttitor id, consequat in, consequat ut, nulla.",274
68,transition real-time deliverables,3 Portage Lane,Buni Yadi,,10
69,e-enable robust e-markets,6 Duke Trail,Huangxi,"Vestibulum quam sapien, varius ut, blandit non, interdum in, ante. Vestibulum ante ipsum primis in faucibus orci luctus et ultrices posuere cubilia Curae; Duis faucibus accumsan odio.",57
70,engineer plug-and-play interfaces,79 School Street,Ad Dawḩah,Pellentesque viverra pede ac diam.,515
71,transform cross-platform bandwidth,3 Talisman Terrace,Rožna Dolina,Etiam justo.,271
72,empower visionary systems,0003 Marcy Point,Shigutang,,558
73,aggregate user-centric markets,67897 Oakridge Plaza,Zhangyang,,216
74,expedite extensible schemas,4816 Linden Road,Sardoal,Proin interdum mauris non ligula pellentesque ultrices. Phasellus id sapien in sapien iaculis congue.,669
75,monetize robust platforms,04497 Johnson Circle,Tunjuk Selatan,"Mauris enim leo, rhoncus sed, vestibulum sit amet, cursus id, turpis. Integer aliquet, massa id lobortis convallis, tortor risus dapibus augue, vel accumsan tellus nisi eu orci.",478
76,harness cross-platform schemas,7 Twin Pines Street,Łyse,,159
77,strategize proactive models,58223 Hauk Avenue,Khān Arnabah,,36
78,transition dynamic communities,38186 Memorial Street,Tseel,,9
79,reinvent global eyeballs,62 Little Fleur Drive,Rungis,,525
80,maximize dot-com bandwidth,2350 Cordelia Park,Nuevo Chamelecón,,181
81,cultivate magnetic supply-chains,407 Packers Circle,Kabare,,787
82,scale world-class web services,89527 Ruskin Parkway,Dhankutā,,670
83,mesh proactive experiences,678 Ridge Oak Way,Göteborg,Ut at dolor quis odio consequat varius.,249
84,engage clicks-and-mortar portals,066 Kensington Hill,Lebane,,450
85,brand best-of-breed systems,54021 Delaware Point,Yelat’ma,,674
86,transform 24/7 technologies,8 Morning Avenue,Williston,"Quisque porta volutpat erat. Quisque erat eros, viverra eget, congue eget, semper rutrum, nulla.",650
87,aggregate cross-media partnerships,63221 Parkside Circle,Danchang,,502
88,incubate customized technologies,99455 Hoffman Road,Porangaba,,624
89,repurpose next-generation vortals,6685 Packers Road,Misawa,Nullam molestie nibh in lectus.,318
90,matrix cross-platform infomediaries,9319 Fulton Place,Papringan,,646
91,engineer enterprise eyeballs,607 Vera Trail,Majennang,,258
92,reintermediate cross-media platforms,2090 Moulton Center,Mlaka pri Kranju,,172
93,strategize robust deliverables,2929 Vernon Avenue,Kambaxoi,,608
94,embrace dot-com e-markets,8676 Ryan Park,Krasnogorsk,"Morbi vestibulum, velit id pretium iaculis, diam erat fermentum justo, nec condimentum neque sapien placerat ante. Nulla justo.",867
95,brand intuitive convergence,80435 Lake View Avenue,Kondinskoye,Nulla ut erat id mauris vulputate elementum. Nullam varius.,708
96,iterate plug-and-play architectures,7 Sutteridge Plaza,Puksoozero,In congue.,259
97,seize clicks-and-mortar action-items,579 Montana Road,Klenje,,30
98,optimize compelling e-tailers,71581 Clove Hill,Port-Cartier,Nulla facilisi. Cras non velit nec nisi vulputate nonummy.,872
99,streamline impactful solutions,922 Shopko Circle,Muḩambal,,578
100,extend visionary architectures,543 Grasskamp Circle,Al Başrah,,89
101,enhance synergistic experiences,0575 Golf View Alley,San Isidro,,326
102,enhance cross-media e-tailers,6057 Macpherson Alley,Volodarsk,Vestibulum ante ipsum primis in faucibus orci luctus et ultrices posuere cubilia Curae,939
103,incubate sticky channels,3034 Bluejay Drive,Rakszawa,,403
104,facilitate intuitive networks,89625 Fulton Lane,Starotitarovskaya,Praesent blandit lacinia erat. Vestibulum sed magna at nunc commodo placerat.,208
105,optimize clicks-and-mortar relationships,69512 Hanover Parkway,Shujāābād,,529
106,exploit interactive deliverables,66 Rigney Hill,Pakxong,Duis mattis egestas metus.,767
107,architect value-added methodologies,0 Larry Parkway,El Paso,,754
108,generate integrated infomediaries,5 Mayer Hill,Tulung,Aenean lectus. Pellentesque eget nunc.,881
109,e-enable bricks-and-clicks architectures,0 Dexter Street,Cañazas,Mauris sit amet eros.,488
110,visualize one-to-one markets,2 Monument Parkway,Dresden,,48
111,seize intuitive e-markets,437 Old Shore Alley,Daniwato,In sagittis dui vel nisl.,485
112,revolutionize granular methodologies,0790 Algoma Lane,Granja,Integer tincidunt ante vel ipsum. Praesent blandit lacinia erat.,350
113,implement 24/365 users,5327 Browning Point,Nishinoomote,Donec quis orci eget orci vehicula condimentum. Curabitur in libero ut massa volutpat convallis.,245
114,redefine proactive platforms,9 4th Park,Radenković,,198
115,aggregate best-of-breed e-services,3045 Memorial Center,Sukamaju Kidul,,623
116,iterate proactive communities,5 Derek Trail,Palaiseau,Aenean lectus.,455
117,orchestrate global web services,7 American Crossing,Machagai,"Curabitur in libero ut massa volutpat convallis. Morbi odio odio, elementum eu, interdum eu, tincidunt in, leo.",765
118,revolutionize holistic networks,5 Shelley Circle,Jardim,Nullam sit amet turpis elementum ligula vehicula consequat.,212
119,generate revolutionary applications,4178 Talisman Street,Leles,,766
120,repurpose visionary e-markets,37731 Kipling Junction,Iracemápolis,,84
121,target distributed markets,40786 Scoville Avenue,Velká Bystřice,Aenean fermentum.,416
122,morph scalable eyeballs,1716 Oxford Junction,Dzel,,225
123,expedite dynamic bandwidth,2671 Chive Way,Sanguansi,"Nam ultrices, libero non mattis pulvinar, nulla pede ullamcorper augue, a suscipit nulla elit ac nulla.",283
124,embrace next-generation metrics,008 Myrtle Hill,Ustynivka,,244
125,iterate synergistic interfaces,06187 American Drive,Sison,Aliquam erat volutpat. In congue.,503
126,envisioneer integrated relationships,79 Clyde Gallagher Street,Pervomayskoye,,320
127,scale dynamic paradigms,96 Fallview Hill,Tomohon,Vestibulum ante ipsum primis in faucibus orci luctus et ultrices posuere cubilia Curae,333
128,streamline cross-media users,6 Scott Court,Leuweheq,,397
129,harness dynamic methodologies,42103 Dapin Pass,Cova Figueira,Vivamus vel nulla eget eros elementum pellentesque. Quisque porta volutpat erat.,651
130,drive world-class infomediaries,10658 Del Mar Street,Zelenchukskaya,Suspendisse accumsan tortor quis turpis. Sed ante.,906
131,innovate customized networks,77 Monterey Drive,Dostoyevka,,173
132,benchmark collaborative markets,42 Maywood Plaza,Cotton Ground,,686
133,target open-source mindshare,71284 Vidon Lane,"Palmas De Gran Canaria, Las",,850
134,benchmark sticky web services,6616 Straubel Center,Cibatu,,267
135,facilitate virtual infomediaries,0 Vermont Street,Zhongfan,Proin eu mi. Nulla ac enim.,126
136,drive rich web-readiness,4 Stephen Point,Edgeworthstown,Integer ac neque.,276
137,innovate robust portals,3 Nevada Drive,Arbuzynka,Proin at turpis a pede posuere nonummy.,118
138,morph intuitive portals,91727 Scofield Trail,Ural,Donec semper sapien a libero.,457
139,visualize proactive e-business,7 Knutson Road,Huiyuan,,439
140,leverage value-added users,04 Bluejay Hill,San Agustín de Valle Fértil,Suspendisse potenti.,754
141,reinvent strategic web services,2598 Oakridge Alley,Staten Island,,214
142,unleash user-centric ROI,5 Carberry Parkway,Klapagada,,403
143,cultivate back-end portals,6815 Acker Street,Tianxingchang,Vestibulum rutrum rutrum neque. Aenean auctor gravida sem.,969
144,redefine back-end content,534 Garrison Park,Sąspów,In hac habitasse platea dictumst. Maecenas ut massa quis augue luctus tincidunt.,804
145,synergize holistic e-markets,4 Express Center,Kut Chum,,799
146,enhance frictionless paradigms,33 Artisan Way,Rouyuan,,154
147,visualize bricks-and-clicks partnerships,5 Spaight Pass,Saint John’s,,34
148,drive value-added deliverables,479 Hagan Court,Baiyin,"Cras pellentesque volutpat dui. Maecenas tristique, est et tempus semper, est quam pharetra magna, ac consequat metus sapien ut nunc.",647
149,utilize extensible content,223 Carey Lane,Mangkon Daja,,417
150,innovate back-end initiatives,1 Banding Park,Cabuyao,,936
151,enable impactful networks,0 Sage Way,Jaruco,,320
152,architect innovative web services,552 Everett Avenue,Barra do Bugres,,822
153,enhance robust eyeballs,08 Sheridan Park,Al Aḩmadī,,294
154,drive end-to-end solutions,50103 Dakota Drive,Alpedrinha,"Cum sociis natoque penatibus et magnis dis parturient montes, nascetur ridiculus mus. Vivamus vestibulum sagittis sapien.",613
155,exploit open-source content,71 Lakewood Avenue,Antrukan,Nullam varius.,539
156,utilize proactive infomediaries,160 Kipling Park,Yallahs,,496
157,enhance efficient solutions,0 Badeau Street,Tanshan,,594
158,utilize sexy paradigms,6 Memorial Terrace,Chishtiān Mandi,In eleifend quam a odio.,931
159,engage 24/7 initiatives,6 Forster Lane,Waalwijk,"Duis ac nibh. Fusce lacus purus, aliquet at, feugiat non, pretium quis, lectus.",399
160,aggregate clicks-and-mortar partnerships,58340 Morningstar Center,Qiuchuan,,891
161,syndicate compelling functionalities,8 Harper Place,Qulai,,142
162,incubate interactive ROI,807 Sloan Trail,Wadi,"Mauris ullamcorper purus sit amet nulla. Quisque arcu libero, rutrum ac, lobortis vel, dapibus at, diam.",563
163,e-enable customized bandwidth,71 Thackeray Park,Żółkiewka,,884
164,e-enable impactful niches,2 West Way,Murfreesboro,Nam tristique tortor eu pede.,937
165,integrate one-to-one action-items,88 Pearson Road,Zainsk,Nulla tellus.,474
166,architect revolutionary infomediaries,788 Novick Terrace,Phonsavan,,962
167,harness cross-platform e-services,6 Cottonwood Pass,Puerto Castilla,,193
168,reintermediate B2B models,98636 Namekagon Avenue,Linares,Proin at turpis a pede posuere nonummy.,388
169,strategize one-to-one channels,8219 Grasskamp Junction,Dongkeng,,365
170,grow virtual platforms,078 Trailsway Avenue,Bela Vista,Nulla tellus.,804
171,disintermediate innovative methodologies,33 Declaration Place,Alakak,,301
172,optimize scalable applications,2 Clemons Terrace,Chervone,,6
173,recontextualize mission-critical partnerships,81 Arrowood Terrace,Nangka,,848
174,whiteboard distributed e-commerce,4590 Transport Terrace,Yangxi,Vestibulum ante ipsum primis in faucibus orci luctus et ultrices posuere cubilia Curae,545
175,engineer clicks-and-mortar e-markets,582 Scott Pass,Na Yong,Morbi non lectus. Aliquam sit amet diam in magna bibendum imperdiet.,706
176,seize collaborative technologies,83603 Commercial Court,Jinshanpu,,734
177,iterate mission-critical functionalities,927 Mccormick Way,Chyňava,,534
178,revolutionize real-time metrics,4299 Melby Place,Coutances,,771
179,productize leading-edge technologies,17 Hoffman Circle,Sunjia Buzi,"Lorem ipsum dolor sit amet, consectetuer adipiscing elit. Proin risus.",855
180,unleash user-centric architectures,44 Stone Corner Drive,Ar Riqqah,,473
181,strategize web-enabled synergies,6 Autumn Leaf Junction,Maracás,"Aliquam sit amet diam in magna bibendum imperdiet. Nullam orci pede, venenatis non, sodales sed, tincidunt eu, felis.",51
182,grow integrated content,1 Village Junction,Blantyre,"Suspendisse ornare consequat lectus. In est risus, auctor sed, tristique in, tempus sit amet, sem.",517
183,embrace dot-com paradigms,220 7th Center,Zmiennica,,214
184,cultivate bricks-and-clicks eyeballs,88 Carpenter Alley,Santo Antônio de Pádua,,243
185,utilize enterprise platforms,4 Oxford Place,Mrozy,,671
186,architect viral bandwidth,14059 Golf View Center,Savé,,172
187,innovate out-of-the-box niches,38736 Mallory Place,Xiaxihao,,530
188,incubate vertical channels,24 Hanson Way,Anyar,Curabitur at ipsum ac tellus semper interdum. Mauris ullamcorper purus sit amet nulla.,257
189,aggregate out-of-the-box partnerships,6420 Mccormick Trail,Pasar,,383
190,mesh mission-critical e-markets,99 Luster Court,Samho-rodongjagu,,795
191,repurpose integrated architectures,20 Maple Wood Alley,Paringin,,273
192,implement B2C markets,1300 Ronald Regan Parkway,Qingu,Pellentesque viverra pede ac diam.,448
193,redefine interactive initiatives,1132 Sunfield Place,Braga,,871
194,deploy B2C applications,7 Gale Junction,Ungaran,In congue. Etiam justo.,790
195,matrix next-generation convergence,118 Browning Alley,Corinto,,43
196,extend 24/7 interfaces,7 Ohio Alley,Sinhyeon,,396
197,redefine e-business partnerships,8634 Coolidge Court,Shuibian,,457
198,monetize one-to-one functionalities,7 Oak Plaza,Jiaqu,Pellentesque eget nunc.,16
199,syndicate back-end supply-chains,1306 Oak Center,Pospelikha,,816
200,seize revolutionary niches,5 Calypso Place,Kanashevo,,715
201,brand extensible infomediaries,8357 Hanson Terrace,Wawrzeńczyce,,798
202,visualize enterprise e-services,153 Fairview Place,Krrabë,,443
203,harness enterprise supply-chains,12 Utah Plaza,Bailu,"Integer aliquet, massa id lobortis convallis, tortor risus dapibus augue, vel accumsan tellus nisi eu orci.",369
204,facilitate integrated e-services,7833 6th Point,Florida,Phasellus in felis.,888
205,architect enterprise content,9569 Springs Court,Maying,Nam dui.,752
206,orchestrate transparent applications,8451 Ryan Crossing,Abuochiche,Mauris sit amet eros. Suspendisse accumsan tortor quis turpis.,524
207,extend 24/7 experiences,413 Talisman Park,Zhangdan,,95
208,whiteboard strategic portals,28530 Golf Alley,Oslo,,550
209,synthesize holistic eyeballs,582 Birchwood Pass,La Unión,,407
210,recontextualize revolutionary portals,953 Kinsman Way,Cuenca,,730
211,harness back-end applications,23 Fuller Avenue,Milovice,,911
212,leverage enterprise initiatives,00666 Blackbird Junction,Pulau Pinang,Ut tellus.,353
213,optimize one-to-one portals,55978 Duke Avenue,Raofeng,,929
214,deploy cutting-edge paradigms,9 Katie Center,Jinguoping,"Cum sociis natoque penatibus et magnis dis parturient montes, nascetur ridiculus mus. Etiam vel augue.",780
215,harness B2B platforms,190 Troy Parkway,Payaman,"Maecenas leo odio, condimentum id, luctus nec, molestie sed, justo.",976
216,innovate end-to-end functionalities,903 Beilfuss Way,Qiaole,Sed ante. Vivamus tortor.,228
217,extend virtual systems,45 Helena Junction,Savran’,,473
218,enable seamless methodologies,3 Welch Lane,Hengshui,Aliquam quis turpis eget elit sodales scelerisque. Mauris sit amet eros.,450
219,optimize seamless technologies,0 Evergreen Circle,Bojszowy Nowe,,185
220,morph interactive bandwidth,808 Oakridge Parkway,Semey,,300
221,engineer cross-platform architectures,40 Holmberg Street,Nîmes,,972
222,recontextualize cross-platform solutions,923 Truax Point,Borek Wielkopolski,,335
223,expedite plug-and-play networks,8 Arkansas Terrace,Pidvynohradiv,,50
224,e-enable vertical e-markets,2219 Luster Center,Ibarra,,374
225,exploit bleeding-edge web services,7377 Columbus Point,Velká Bystřice,,652
226,seize innovative bandwidth,7743 Forest Court,Muaralembu,Nullam molestie nibh in lectus. Pellentesque at nulla.,575
227,morph world-class architectures,9098 Erie Hill,Cileuya,Nam nulla.,433
228,repurpose real-time e-tailers,348 Utah Trail,Tabora,Sed vel enim sit amet nunc viverra dapibus.,355
229,unleash one-to-one paradigms,925 Holy Cross Alley,Czarna,"Vivamus vestibulum sagittis sapien. Cum sociis natoque penatibus et magnis dis parturient montes, nascetur ridiculus mus.",668
230,streamline real-time experiences,98644 Redwing Circle,Orneta,"Donec ut mauris eget massa tempor convallis. Nulla neque libero, convallis eget, eleifend luctus, ultricies eu, nibh.",609
231,target collaborative applications,269 Londonderry Hill,Sar Chakān,,512
232,synthesize proactive initiatives,40 Sachs Terrace,Boroon,,670
233,optimize B2C infomediaries,7682 Sundown Park,Nangalisan,"Cras pellentesque volutpat dui. Maecenas tristique, est et tempus semper, est quam pharetra magna, ac consequat metus sapien ut nunc.",864
234,envisioneer robust e-markets,4 Southridge Court,Grazhdanskoye,Cras in purus eu magna vulputate luctus.,386
235,strategize plug-and-play initiatives,0481 Arrowood Road,Al Ḩarajah,,831
236,aggregate proactive bandwidth,20832 Coolidge Crossing,Senanga,,338
237,implement global methodologies,9 Nelson Park,Salamanca,In blandit ultrices enim.,934
238,target B2C e-services,43 Wayridge Point,Lebedyn,,193
239,reinvent visionary e-commerce,814 Ridgeview Lane,Youxi,,942
240,transform bricks-and-clicks deliverables,2 Sachtjen Park,Dūāb,Vestibulum sed magna at nunc commodo placerat.,440
241,reinvent one-to-one networks,167 Crownhardt Road,Amgalang,,39
242,incubate ubiquitous vortals,911 Garrison Plaza,Ljukovo,Nulla tellus.,858
243,seize plug-and-play partnerships,127 Grayhawk Trail,Gandorhun,,119
244,cultivate cross-platform infrastructures,5 Monica Center,Karangpocok,Morbi non quam nec dui luctus rutrum.,452
245,implement rich markets,019 Vahlen Avenue,Ţubarjal,,109
246,mesh next-generation technologies,5 Kedzie Alley,Terawas,,832
247,incubate visionary web-readiness,5 Lukken Point,Simimbaan,,290
248,implement B2C e-tailers,9 Crownhardt Pass,Dananshan,Nunc rhoncus dui vel sem. Sed sagittis.,471
249,iterate robust e-tailers,27 Hansons Hill,Gangou,Duis aliquam convallis nunc. Proin at turpis a pede posuere nonummy.,28
250,harness cross-platform solutions,8835 Eagle Crest Junction,Komyshany,,355
251,enable killer infomediaries,7330 Sheridan Point,Dajin,Ut tellus.,896
252,reintermediate ubiquitous relationships,317 Hermina Court,Barra dos Coqueiros,,244
253,aggregate cross-media mindshare,8 Moland Street,Gataivai,"Suspendisse ornare consequat lectus. In est risus, auctor sed, tristique in, tempus sit amet, sem.",651
254,revolutionize virtual applications,66 Bartillon Alley,London,Pellentesque viverra pede ac diam.,737
255,syndicate extensible portals,41457 Artisan Terrace,Tadianjie,,188
256,embrace frictionless e-tailers,27894 Petterle Crossing,Yamkino,,439
257,target sexy relationships,2792 Pankratz Junction,Tanzhou,,424
258,disintermediate distributed experiences,5 Buell Lane,‘Akko,,63
259,implement viral deliverables,57897 Mayfield Way,Tromsø,Suspendisse accumsan tortor quis turpis.,558
260,enhance efficient schemas,52472 Toban Terrace,Megati Kelod,Integer tincidunt ante vel ipsum.,429
261,enhance interactive interfaces,47108 Dexter Terrace,Granada,Vivamus in felis eu sapien cursus vestibulum.,583
262,productize virtual partnerships,782 Kedzie Park,Baqiao,,357
263,productize rich vortals,11 Surrey Lane,Casa Nova,,786
264,scale front-end synergies,0383 Florence Way,Balas,Aliquam non mauris. Morbi non lectus.,974
265,generate mission-critical metrics,1284 Marcy Trail,Ostojićevo,,747
266,target interactive networks,8656 Haas Park,Bang Pakong,Proin eu mi.,29
267,architect synergistic portals,604 Namekagon Point,Wulijie,"Nam nulla. Integer pede justo, lacinia eget, tincidunt eget, tempus vel, pede.",460
268,aggregate cross-media applications,6 Blackbird Junction,Fuyu,,66
269,benchmark proactive solutions,61 Grasskamp Avenue,Mitry-Mory,,76
270,monetize robust eyeballs,667 Doe Crossing Hill,Vista Hermosa,,17
271,facilitate value-added e-services,174 Center Crossing,Cibatu,Proin eu mi.,704
272,mesh scalable e-commerce,39244 Northport Road,Thị Trấn Triệu Sơn,,589
273,syndicate real-time platforms,0345 Corben Hill,Trollhättan,Nulla tempus. Vivamus in felis eu sapien cursus vestibulum.,834
274,grow compelling infrastructures,42 Brentwood Street,Medina,In hac habitasse platea dictumst. Maecenas ut massa quis augue luctus tincidunt.,589
275,harness e-business metrics,87396 Lawn Avenue,Rū-ye Sang,"Cum sociis natoque penatibus et magnis dis parturient montes, nascetur ridiculus mus.",881
276,unleash innovative models,019 New Castle Park,Moutnice,,367
277,redefine cutting-edge architectures,2 Norway Maple Place,Liusi,"Morbi odio odio, elementum eu, interdum eu, tincidunt in, leo.",999
278,benchmark frictionless users,94935 Basil Circle,Jinsha,"Praesent lectus. Vestibulum quam sapien, varius ut, blandit non, interdum in, ante.",19
279,visualize transparent paradigms,82254 Anzinger Crossing,Al Khafjī,,794
280,utilize synergistic convergence,8 Huxley Park,Benzilan,,533
281,exploit innovative initiatives,10 Mifflin Park,Nam Kliang,Vestibulum ante ipsum primis in faucibus orci luctus et ultrices posuere cubilia Curae,104
282,morph killer infrastructures,29 Onsgard Parkway,Ciudad Choluteca,,171
283,syndicate integrated experiences,40 Hooker Hill,Vales,In hac habitasse platea dictumst.,348
284,deliver revolutionary portals,182 3rd Plaza,‘Alīābād-e Katūl,Phasellus in felis.,77
285,architect 24/7 experiences,3 Algoma Street,Casais Brancos,Nulla suscipit ligula in lacus.,94
286,scale revolutionary mindshare,89 Northfield Crossing,Carpenter,,314
287,architect impactful vortals,56532 Mifflin Terrace,Hirado,Pellentesque at nulla.,338
288,cultivate impactful supply-chains,35 Kenwood Crossing,Fengyi,"Lorem ipsum dolor sit amet, consectetuer adipiscing elit. Proin interdum mauris non ligula pellentesque ultrices.",267
289,target open-source metrics,3 Acker Point,Yinjiaxi,,3
290,empower clicks-and-mortar mindshare,0848 Carioca Place,Kupino,,231
291,streamline revolutionary vortals,94 Blue Bill Park Way,Al Fayyūm,Vivamus tortor. Duis mattis egestas metus.,871
292,empower sexy platforms,8 Eastlawn Alley,Lieyu,,411
293,embrace strategic applications,4783 Moose Court,Napanee Downtown,,246
294,reinvent world-class synergies,013 Steensland Court,San Luis Jilotepeque,Ut tellus.,830
295,incentivize open-source technologies,90 Towne Circle,Đoan Hùng,,801
296,grow frictionless mindshare,2 Eliot Crossing,Zahvizdya,Proin risus.,526
297,expedite out-of-the-box niches,66 Maryland Center,Casal,"Quisque arcu libero, rutrum ac, lobortis vel, dapibus at, diam. Nam tristique tortor eu pede.",739
298,deliver sticky applications,2604 Eagan Avenue,La Caya,,369
299,envisioneer value-added eyeballs,18191 Sunfield Alley,Peuhaq,,625
300,iterate synergistic e-markets,0567 Monica Circle,Linquan,,31
301,matrix world-class markets,539 Troy Trail,Stepanivka,,576
302,reintermediate real-time e-commerce,1 Tony Park,Calamba,Etiam justo. Etiam pretium iaculis justo.,667
303,benchmark ubiquitous infrastructures,85575 Algoma Way,Berëzovskiy,Praesent blandit lacinia erat.,2
304,syndicate cross-platform architectures,62533 Hansons Junction,Nggesa,Integer ac leo. Pellentesque ultrices mattis odio.,464
305,embrace next-generation web services,91 Logan Drive,Towa,Vestibulum ante ipsum primis in faucibus orci luctus et ultrices posuere cubilia Curae,765
306,incentivize out-of-the-box solutions,56495 Linden Drive,Xinchengzi,,398
307,implement one-to-one vortals,6377 Cherokee Alley,Aricapampa,,318
308,leverage ubiquitous e-business,374 Longview Avenue,Bārah,Praesent blandit. Nam nulla.,452
309,unleash granular metrics,4 Pierstorff Lane,Siepraw,,233
310,deploy leading-edge metrics,4 Duke Park,Montreuil,,253
311,scale value-added applications,1 Sunnyside Trail,Hongyi,Morbi a ipsum. Integer a nibh.,617
312,reinvent viral communities,7149 Kinsman Lane,Annecy,,980
313,incubate ubiquitous e-tailers,97672 Columbus Center,Niandou,"Cras mi pede, malesuada in, imperdiet et, commodo vulputate, justo.",973
314,leverage value-added vortals,9 Pine View Road,Ziyuan,,303
315,synthesize seamless paradigms,359 Marcy Lane,Yunxi,Curabitur at ipsum ac tellus semper interdum.,822
316,engineer visionary applications,9 Mosinee Center,Mahaplag,Proin interdum mauris non ligula pellentesque ultrices.,925
317,reinvent B2B mindshare,7522 Gale Plaza,Sekararum,,154
318,synergize synergistic portals,8233 La Follette Way,Choco,,794
319,harness global partnerships,82825 Dunning Way,Pietermaritzburg,,178
320,matrix viral relationships,0 Hallows Point,Kyaiklat,,115
321,drive visionary markets,54 Redwing Trail,Singida,Etiam justo. Etiam pretium iaculis justo.,523
322,repurpose sticky platforms,7 Golden Leaf Avenue,Río Colorado,,464
323,harness cross-platform paradigms,5609 Independence Circle,Yishui,,178
324,orchestrate 24/365 interfaces,016 Dexter Trail,Cañaveral,,227
325,reinvent 24/7 action-items,2 Lakewood Gardens Point,Ad Dawādimī,,515
326,exploit enterprise e-services,8684 Monterey Parkway,Pacajus,"Vestibulum ac est lacinia nisi venenatis tristique. Fusce congue, diam id ornare imperdiet, sapien urna pretium nisl, ut volutpat sapien arcu sed augue.",979
327,reintermediate revolutionary synergies,2 Bellgrove Drive,Charxin,,104
328,brand open-source paradigms,0 Becker Hill,Daru,"Nam ultrices, libero non mattis pulvinar, nulla pede ullamcorper augue, a suscipit nulla elit ac nulla.",236
329,reinvent global solutions,06 Trailsway Terrace,Sumberarumkrajan,,233
330,seize frictionless applications,47 Kinsman Parkway,Dianbu,In sagittis dui vel nisl. Duis ac nibh.,424
331,incentivize B2B ROI,8582 Leroy Parkway,Canhestros,,709
332,generate dynamic e-business,0 Sutteridge Center,Georgiyevsk,Mauris lacinia sapien quis libero. Nullam sit amet turpis elementum ligula vehicula consequat.,37
333,grow extensible technologies,30050 Dennis Lane,Nakkila,,88
334,productize dynamic e-services,79 Green Ridge Park,Limoeiro do Norte,Morbi non quam nec dui luctus rutrum. Nulla tellus.,411
335,enhance enterprise supply-chains,28 Dawn Terrace,Rabat,,429
336,embrace virtual experiences,23 Lawn Drive,Pasiraman,"Morbi quis tortor id nulla ultrices aliquet. Maecenas leo odio, condimentum id, luctus nec, molestie sed, justo.",111
337,aggregate plug-and-play deliverables,76563 Melby Plaza,Issia,,497
338,repurpose transparent metrics,04 Northland Hill,Šilheřovice,In hac habitasse platea dictumst.,921
339,harness global eyeballs,227 Cordelia Avenue,Sandefjord,,768
340,optimize compelling e-business,6179 Clemons Parkway,Dū Laīnah,Nullam varius. Nulla facilisi.,602
341,revolutionize cutting-edge models,84310 Sunnyside Hill,Kebonagung,Duis mattis egestas metus.,144
342,enable synergistic schemas,72034 Claremont Road,Cabeçudos,,594
343,exploit synergistic relationships,3 Fieldstone Point,Tataouine,,648
344,incentivize strategic vortals,9622 Springview Crossing,Itacurubí del Rosario,,939
345,evolve holistic action-items,3321 Kensington Way,Khulo,Nulla tempus.,393
346,innovate frictionless ROI,6 Melody Hill,Usicayos,,982
347,iterate turn-key communities,817 Clove Hill,Labège,"Cum sociis natoque penatibus et magnis dis parturient montes, nascetur ridiculus mus. Vivamus vestibulum sagittis sapien.",739
348,unleash collaborative bandwidth,8694 Bartillon Street,Sankanan,"Nulla neque libero, convallis eget, eleifend luctus, ultricies eu, nibh.",619
349,target holistic partnerships,96 Graedel Park,Safonovo,,512
350,exploit virtual infrastructures,5 Sloan Crossing,Kupchino,Pellentesque eget nunc. Donec quis orci eget orci vehicula condimentum.,659
351,incentivize real-time communities,83 Golf View Lane,Ostrzeszów,,262
352,synergize seamless functionalities,42 Valley Edge Alley,Tarbes,Aliquam quis turpis eget elit sodales scelerisque.,700
353,optimize world-class portals,790 Waywood Trail,Helsingborg,Maecenas ut massa quis augue luctus tincidunt.,771
354,enhance transparent metrics,08252 Fisk Parkway,Jalālpur Pīrwāla,Integer tincidunt ante vel ipsum.,229
355,empower plug-and-play architectures,75578 Maple Wood Parkway,Hejia,,707
356,implement mission-critical action-items,83 Crest Line Crossing,Ząbkowice Śląskie,"Morbi vestibulum, velit id pretium iaculis, diam erat fermentum justo, nec condimentum neque sapien placerat ante. Nulla justo.",181
357,disintermediate turn-key web services,984 3rd Way,Dve Mogili,,299
358,deliver visionary web services,17807 Barnett Lane,Kandahār,,328
359,e-enable vertical initiatives,82 Mayer Crossing,Muraharjo,,637
360,transition one-to-one applications,20 Arkansas Road,Tucurú,Donec posuere metus vitae ipsum. Aliquam non mauris.,245
361,transform customized networks,8 Darwin Center,Himeji,,310
362,synergize visionary networks,166 Moose Hill,Reiko,In hac habitasse platea dictumst.,840
363,syndicate dynamic e-commerce,11822 Maple Terrace,Empedrado,Nulla ac enim.,424
364,deliver out-of-the-box deliverables,321 Charing Cross Terrace,Pavlovskaya,"Vestibulum ante ipsum primis in faucibus orci luctus et ultrices posuere cubilia Curae; Nulla dapibus dolor vel est. Donec odio justo, sollicitudin ut, suscipit a, feugiat et, eros.",447
365,grow user-centric e-services,59027 Northwestern Terrace,A dos Cunhados,Donec ut mauris eget massa tempor convallis.,714
366,utilize plug-and-play ROI,04300 Colorado Point,Gävle,,659
367,empower 24/7 convergence,4626 Bowman Trail,Xinchengzi,"Maecenas tristique, est et tempus semper, est quam pharetra magna, ac consequat metus sapien ut nunc. Vestibulum ante ipsum primis in faucibus orci luctus et ultrices posuere cubilia Curae; Mauris viverra diam vitae quam.",47
368,deliver synergistic content,425 Longview Avenue,La Plaine-Saint-Denis,Vivamus vel nulla eget eros elementum pellentesque.,837
369,disintermediate sticky systems,117 East Circle,Uarini,Quisque id justo sit amet sapien dignissim vestibulum.,972
370,enhance mission-critical niches,8664 Anzinger Plaza,Qingyuan,Vestibulum ante ipsum primis in faucibus orci luctus et ultrices posuere cubilia Curae,764
371,disintermediate one-to-one applications,632 Glacier Hill Crossing,Adh Dhayd,Nulla ut erat id mauris vulputate elementum. Nullam varius.,532
372,drive viral models,38 Algoma Point,Plewiska,,690
373,embrace customized convergence,50 Claremont Terrace,Ibaan,"Morbi ut odio. Cras mi pede, malesuada in, imperdiet et, commodo vulputate, justo.",288
374,utilize synergistic technologies,35 Lyons Street,Kajiki,,951
375,evolve magnetic platforms,28872 Lakewood Hill,Bao’an,Nunc purus.,971
376,transform vertical ROI,5787 Declaration Plaza,Trzcianka,,789
377,visualize global technologies,0 Dunning Way,Skarbimierz Osiedle,"Vestibulum quam sapien, varius ut, blandit non, interdum in, ante. Vestibulum ante ipsum primis in faucibus orci luctus et ultrices posuere cubilia Curae; Duis faucibus accumsan odio.",439
378,deliver sexy e-commerce,74 Twin Pines Junction,Xialiao,"Nulla neque libero, convallis eget, eleifend luctus, ultricies eu, nibh.",162
379,engage web-enabled supply-chains,22 Melby Court,Bagrāmī,,432
380,grow out-of-the-box eyeballs,8 Gulseth Trail,Chiang Yuen,,314
381,facilitate impactful interfaces,75 South Drive,Kėdainiai,"Vestibulum ante ipsum primis in faucibus orci luctus et ultrices posuere cubilia Curae; Donec pharetra, magna vestibulum aliquet ultrices, erat tortor sollicitudin mi, sit amet lobortis sapien sapien non mi. Integer ac neque.",343
382,empower visionary web-readiness,64508 Debs Pass,Moroto,,568
383,productize front-end initiatives,426 North Center,Anahuac,,133
384,streamline virtual initiatives,22713 Hanover Center,Blumenau,"Fusce lacus purus, aliquet at, feugiat non, pretium quis, lectus. Suspendisse potenti.",166
385,e-enable web-enabled models,5519 Glacier Hill Pass,Cachada,Vivamus vel nulla eget eros elementum pellentesque.,460
386,synergize leading-edge technologies,07852 Schmedeman Park,Bang Rakam,"Donec ut mauris eget massa tempor convallis. Nulla neque libero, convallis eget, eleifend luctus, ultricies eu, nibh.",659
387,iterate user-centric methodologies,19807 Huxley Park,Pakapasan Ilir,Nulla nisl. Nunc nisl.,912
388,envisioneer B2C applications,361 Bellgrove Terrace,Changlu,Nulla tempus.,26
389,repurpose next-generation mindshare,26391 Weeping Birch Point,Jastrebarsko,"Integer pede justo, lacinia eget, tincidunt eget, tempus vel, pede. Morbi porttitor lorem id ligula.",975
390,deploy seamless paradigms,450 Marquette Circle,Kastrat,Maecenas pulvinar lobortis est. Phasellus sit amet erat.,739
391,transition dynamic schemas,9701 Anthes Place,Gaokan,,232
392,syndicate frictionless e-commerce,3292 Granby Road,Kayl,,882
393,engineer revolutionary convergence,572 Bunker Hill Lane,Shunling,Curabitur in libero ut massa volutpat convallis.,492
394,iterate front-end initiatives,389 Melvin Hill,Tungi,,892
395,incubate cross-platform ROI,933 Johnson Place,Rancanyenang,"In hac habitasse platea dictumst. Morbi vestibulum, velit id pretium iaculis, diam erat fermentum justo, nec condimentum neque sapien placerat ante.",889
396,target interactive models,6 Park Meadow Way,Solţānābād,In congue.,981
397,strategize interactive ROI,3990 Twin Pines Parkway,Progreso,,271
398,facilitate scalable vortals,38 Sutherland Alley,Dimitrovgrad,Aenean auctor gravida sem.,602
399,engineer real-time web-readiness,46 Norway Maple Crossing,Horlivka,Nullam sit amet turpis elementum ligula vehicula consequat.,728
400,visualize plug-and-play partnerships,86732 Esch Terrace,Nickby,"Lorem ipsum dolor sit amet, consectetuer adipiscing elit. Proin risus.",224
401,drive front-end solutions,9634 Bartelt Point,Gaocun,Duis mattis egestas metus.,322
402,streamline bricks-and-clicks technologies,24 Sutherland Circle,Tanggulangin,,649
403,productize rich relationships,70075 Fulton Alley,Nyūzen,"Morbi sem mauris, laoreet ut, rhoncus aliquet, pulvinar sed, nisl.",633
404,aggregate web-enabled e-services,8 Cody Street,New York City,Nulla mollis molestie lorem.,79
405,engage 24/365 e-business,495 Roxbury Avenue,Rolante,,24
406,leverage B2C web-readiness,43976 Cottonwood Way,Chengzhai,Vivamus in felis eu sapien cursus vestibulum. Proin eu mi.,670
407,incentivize global paradigms,94950 Buhler Terrace,Muhos,Vivamus in felis eu sapien cursus vestibulum. Proin eu mi.,470
408,incentivize virtual infomediaries,7039 Superior Park,Aisai,,468
409,optimize strategic e-tailers,15012 Upham Circle,Nuevitas,"Aliquam sit amet diam in magna bibendum imperdiet. Nullam orci pede, venenatis non, sodales sed, tincidunt eu, felis.",799
410,integrate value-added functionalities,48643 Ramsey Avenue,Labansari,Phasellus sit amet erat.,149
411,revolutionize vertical methodologies,3028 Kings Pass,Canillo,,451
412,optimize proactive schemas,3800 Dwight Street,Yishui,,122
413,implement plug-and-play e-commerce,6285 North Crossing,Moncada,"Nam dui. Proin leo odio, porttitor id, consequat in, consequat ut, nulla.",750
414,e-enable intuitive e-commerce,03014 Redwing Way,Oslo,Etiam justo.,567
415,benchmark dot-com platforms,628 International Junction,Guanhães,,381
416,optimize proactive deliverables,35785 Norway Maple Trail,Ho,,481
417,recontextualize open-source paradigms,42360 Fisk Road,Coté-Lai,Integer a nibh.,125
418,redefine ubiquitous paradigms,51704 Laurel Center,Poconé,,321
419,recontextualize global web services,26904 Schurz Trail,Áno Kopanákion,"Aliquam augue quam, sollicitudin vitae, consectetuer eget, rutrum at, lorem. Integer tincidunt ante vel ipsum.",758
420,maximize enterprise vortals,6 Kedzie Place,Meizhou,Pellentesque ultrices mattis odio. Donec vitae nisi.,507
421,synergize strategic supply-chains,528 Annamark Drive,Farriar,,459
422,redefine visionary infomediaries,93 Mayer Lane,Bardalah,,720
423,streamline bricks-and-clicks communities,9526 Manley Plaza,Mirovka,Vivamus vel nulla eget eros elementum pellentesque. Quisque porta volutpat erat.,67
424,enhance 24/7 e-markets,0 Summer Ridge Avenue,Payabon,Sed ante. Vivamus tortor.,333
425,synthesize world-class e-markets,91607 Briar Crest Parkway,Omigawa,,979
426,integrate 24/7 communities,704 Linden Road,Gongchenqiao,,644
427,engage magnetic deliverables,8605 Lyons Street,Chunshui,Donec vitae nisi.,110
428,deploy web-enabled deliverables,9790 Algoma Plaza,Paris 14,"Fusce lacus purus, aliquet at, feugiat non, pretium quis, lectus. Suspendisse potenti.",949
429,harness proactive infrastructures,6 Ronald Regan Alley,Beiquan,,990
430,e-enable next-generation paradigms,17 Green Plaza,Mooirivier,"Maecenas tristique, est et tempus semper, est quam pharetra magna, ac consequat metus sapien ut nunc.",282
431,disintermediate dot-com platforms,84 Ridgeview Trail,Podsineye,Duis consequat dui nec nisi volutpat eleifend.,347
432,extend 24/365 e-business,6687 Fuller Alley,Luhe,Vestibulum ante ipsum primis in faucibus orci luctus et ultrices posuere cubilia Curae,142
433,syndicate wireless interfaces,211 Butterfield Pass,Honolulu,Donec semper sapien a libero. Nam dui.,647
434,architect e-business communities,998 Ridgeview Plaza,Voronezh,Nunc rhoncus dui vel sem. Sed sagittis.,852
435,orchestrate robust bandwidth,14 Cordelia Circle,Chongxian,In sagittis dui vel nisl. Duis ac nibh.,62
436,mesh plug-and-play initiatives,56 Porter Alley,Naguilian,,352
437,disintermediate world-class channels,244 Meadow Ridge Park,Jambubol,Duis ac nibh.,206
438,streamline dynamic eyeballs,8 Norway Maple Lane,Kobryn,,712
439,envisioneer granular communities,16 Kipling Park,Katsuyama,,992
440,synergize synergistic methodologies,4472 Melrose Road,Valenciennes,Donec posuere metus vitae ipsum.,510
441,cultivate 24/7 applications,04207 Stephen Alley,Los Pinos,Nulla ut erat id mauris vulputate elementum. Nullam varius.,590
442,mesh 24/365 vortals,754 Manufacturers Crossing,Kowary,,219
443,incubate end-to-end content,4583 Mitchell Alley,Pampas,Vestibulum ac est lacinia nisi venenatis tristique.,142
444,architect enterprise e-services,818 Pepper Wood Circle,Huainan,"In tempor, turpis nec euismod scelerisque, quam turpis adipiscing lorem, vitae mattis nibh ligula nec sem.",273
445,harness e-business platforms,88 Starling Plaza,Maswarah,,11
446,benchmark customized models,0 Manufacturers Point,Nanjiao,,728
447,target customized vortals,2242 Ronald Regan Plaza,Shiyuan,Duis bibendum. Morbi non quam nec dui luctus rutrum.,424
448,revolutionize 24/365 schemas,175 Summer Ridge Trail,Cái Dầu,,144
449,drive turn-key vortals,73 Sheridan Point,Xianxiang,Aenean auctor gravida sem.,953
450,maximize turn-key action-items,251 Almo Court,Velký Týnec,,488
451,enable robust partnerships,9612 Fallview Crossing,Muyudian,,67
452,mesh cross-media schemas,3968 Spohn Hill,Mount Darwin,Donec dapibus.,82
453,scale visionary supply-chains,023 Dovetail Alley,Astara,,613
454,grow real-time markets,96103 Helena Place,Popovo,Etiam vel augue.,610
455,incubate collaborative metrics,890 Thackeray Street,Mỹ Tho,Suspendisse potenti.,37
456,seize compelling communities,96264 John Wall Parkway,Tucson,,228
457,seize B2B partnerships,59 Union Court,Xiaohenglong,,859
458,engage cutting-edge vortals,06 Brown Pass,Knoxville,Vivamus in felis eu sapien cursus vestibulum.,634
459,repurpose ubiquitous e-services,91640 Debs Hill,Potikosin,Ut tellus.,590
460,evolve proactive bandwidth,6 Sheridan Alley,Nashville,"Nam ultrices, libero non mattis pulvinar, nulla pede ullamcorper augue, a suscipit nulla elit ac nulla. Sed vel enim sit amet nunc viverra dapibus.",125
461,architect frictionless markets,36144 Ridgeview Parkway,Sukabumi,Vivamus tortor.,284
462,whiteboard ubiquitous channels,15990 Bayside Crossing,Kętrzyn,Curabitur gravida nisi at nibh.,542
463,enhance proactive platforms,5 Haas Drive,Chongkan,In hac habitasse platea dictumst. Maecenas ut massa quis augue luctus tincidunt.,159
464,transform frictionless ROI,95 Caliangt Court,Sapeken,,551
465,cultivate collaborative web services,3 Sutteridge Trail,Coloncito,,387
466,leverage bleeding-edge experiences,4989 Mcguire Trail,Sanxing,,580
467,morph global bandwidth,7766 Talisman Lane,Bularit,,671
468,enhance killer niches,0 Wayridge Lane,Beberibe,Integer ac neque.,666
469,utilize global action-items,7846 Sachs Trail,Sergelen,Suspendisse potenti.,981
470,transform holistic functionalities,5320 Carey Terrace,Jardia,Curabitur at ipsum ac tellus semper interdum. Mauris ullamcorper purus sit amet nulla.,353
471,benchmark global ROI,62883 Randy Point,Mangaldan,,223
472,seize enterprise convergence,6 Killdeer Lane,Burbank,Integer ac leo. Pellentesque ultrices mattis odio.,545
473,drive open-source web services,95 Kings Avenue,Zhongdeng,,421
474,monetize cutting-edge communities,82 Glendale Terrace,Kanye,,784
475,reinvent proactive e-services,93 Kenwood Avenue,Baorixile,Aenean sit amet justo. Morbi ut odio.,432
476,reintermediate viral web-readiness,287 Darwin Point,Malaga,"Cras in purus eu magna vulputate luctus. Cum sociis natoque penatibus et magnis dis parturient montes, nascetur ridiculus mus.",115
477,cultivate interactive channels,886 Quincy Point,Bielsk Podlaski,Pellentesque viverra pede ac diam.,258
478,grow next-generation communities,6 Eggendart Drive,Předklášteří,"Vestibulum ante ipsum primis in faucibus orci luctus et ultrices posuere cubilia Curae; Donec pharetra, magna vestibulum aliquet ultrices, erat tortor sollicitudin mi, sit amet lobortis sapien sapien non mi.",885
479,grow front-end supply-chains,1043 Havey Pass,Jincheng,,154
480,embrace turn-key metrics,83 Milwaukee Plaza,Tanay,,725
481,integrate extensible web-readiness,0952 Portage Center,Jembatandua,,168
482,maximize e-business infomediaries,2974 Gateway Junction,Banjar Sengguan,,161
483,maximize ubiquitous communities,24846 Express Street,Brasília,,812
484,utilize wireless solutions,8 Independence Terrace,Bo Kluea,,962
485,syndicate synergistic users,11 Dovetail Lane,Lobos,"Sed sagittis. Nam congue, risus semper porta volutpat, quam pede lobortis ligula, sit amet eleifend pede libero quis orci.",992
486,reinvent mission-critical initiatives,582 Duke Pass,Jabat,,791
487,synergize integrated markets,442 Brentwood Lane,Koszarawa,Nullam varius. Nulla facilisi.,87
488,harness next-generation e-business,2 Dayton Way,Okcheon,,848
489,transform sexy vortals,8 Merrick Alley,Tanggung,,642
490,maximize back-end functionalities,07949 Barby Court,La Esperanza,Ut at dolor quis odio consequat varius. Integer ac leo.,383
491,iterate cross-platform web services,5257 Dahle Alley,Tong’an,,69
492,reintermediate clicks-and-mortar models,05809 Artisan Crossing,Nagano-shi,Proin at turpis a pede posuere nonummy. Integer non velit.,292
493,implement interactive architectures,16442 Prentice Circle,Göteborg,,14
494,enable proactive web-readiness,571 Mariners Cove Place,Wonorejo,Donec quis orci eget orci vehicula condimentum.,724
495,embrace plug-and-play infrastructures,66 Crest Line Road,Protección,Vivamus in felis eu sapien cursus vestibulum.,165
496,matrix interactive models,4 Mariners Cove Trail,Rizal,Nunc purus. Phasellus in felis.,913
497,brand visionary initiatives,53296 Ridgeview Avenue,Carlos Barbosa,,751
498,drive front-end users,7 Columbus Point,Haputale,,352
499,extend mission-critical users,3278 Oriole Parkway,Dolní Dunajovice,,920
500,monetize 24/365 supply-chains,16 Sutteridge Alley,Jepara,,242
501,transform mission-critical e-tailers,1 Luster Street,Cabangan,Duis bibendum. Morbi non quam nec dui luctus rutrum.,387
502,harness intuitive applications,018 Del Sol Park,Paraíso,,232
503,visualize front-end niches,01 Forest Run Crossing,Lovisa,,352
504,incentivize integrated methodologies,9 Westridge Hill,Arujá,,108
505,implement efficient mindshare,5842 Waubesa Drive,Gomel,Etiam vel augue.,600
506,leverage mission-critical metrics,21 Doe Crossing Parkway,Paris 14,,676
507,utilize scalable action-items,52 Sage Parkway,Bang Bon,,33
508,reintermediate wireless e-markets,9 Village Trail,Madrid,Mauris lacinia sapien quis libero. Nullam sit amet turpis elementum ligula vehicula consequat.,533
509,integrate vertical vortals,9 Stang Park,Zlatoust,,330
510,implement integrated communities,5392 Golf Way,South Bend,,425
511,grow B2C niches,0 Fordem Way,Abuxarda,"In hac habitasse platea dictumst. Morbi vestibulum, velit id pretium iaculis, diam erat fermentum justo, nec condimentum neque sapien placerat ante.",628
512,enable sexy experiences,62 Maple Plaza,Dungon,,332
513,enable leading-edge metrics,925 5th Lane,Polo,,681
514,streamline B2B relationships,93291 2nd Way,Guisijan,Vivamus vel nulla eget eros elementum pellentesque.,629
515,engineer world-class technologies,29238 Everett Crossing,Purwodadi,"Maecenas leo odio, condimentum id, luctus nec, molestie sed, justo. Pellentesque viverra pede ac diam.",970
516,transform sticky bandwidth,764 Saint Paul Park,Shenzhong,,160
517,scale collaborative e-services,89 Miller Avenue,Leones,"Cum sociis natoque penatibus et magnis dis parturient montes, nascetur ridiculus mus. Vivamus vestibulum sagittis sapien.",532
518,scale user-centric e-commerce,0 Washington Point,Sunchales,Morbi vel lectus in quam fringilla rhoncus.,639
519,incentivize strategic mindshare,1 Corry Court,Panay,,227
520,morph impactful convergence,302 Arkansas Crossing,Ramenki,Pellentesque ultrices mattis odio.,598
521,redefine mission-critical web-readiness,8117 Algoma Point,Pôrto Barra do Ivinheima,"Mauris enim leo, rhoncus sed, vestibulum sit amet, cursus id, turpis. Integer aliquet, massa id lobortis convallis, tortor risus dapibus augue, vel accumsan tellus nisi eu orci.",617
522,optimize ubiquitous niches,843 Heffernan Plaza,Além do Rio,Vivamus in felis eu sapien cursus vestibulum.,216
523,leverage strategic functionalities,083 Holy Cross Lane,Prochowice,"Fusce lacus purus, aliquet at, feugiat non, pretium quis, lectus. Suspendisse potenti.",351
524,implement wireless applications,20922 Browning Hill,Bonavista,,759
525,scale ubiquitous action-items,355 Schurz Point,Novopskov,,256
526,embrace B2B infrastructures,024 Melvin Court,Yermolayevo,,218
527,morph bleeding-edge ROI,6153 Mosinee Court,Francisco Villa,,18
528,reintermediate one-to-one bandwidth,0925 Karstens Junction,Lexington,,919
529,leverage cross-platform mindshare,493 Mayfield Way,Novomykolayivka,,867
530,matrix user-centric e-business,9 Dixon Parkway,Dukuh Kaler,,896
531,empower integrated paradigms,0017 Lien Court,Suozhen,Donec quis orci eget orci vehicula condimentum. Curabitur in libero ut massa volutpat convallis.,256
532,monetize mission-critical portals,6 Lake View Drive,Gradizhsk,Integer non velit.,639
533,e-enable value-added infrastructures,908 Dakota Place,Minsk,,161
534,streamline ubiquitous partnerships,8882 Manitowish Trail,Padangtepung,,278
535,exploit bleeding-edge action-items,7135 Atwood Lane,Goiânia,Pellentesque viverra pede ac diam. Cras pellentesque volutpat dui.,36
536,aggregate integrated communities,90418 Sloan Park,Belmullet,,705
537,generate interactive technologies,4001 Westerfield Terrace,Baghlān,,385
538,grow real-time niches,88979 Dorton Drive,Saint-Malo,Nunc rhoncus dui vel sem. Sed sagittis.,509
539,reintermediate clicks-and-mortar technologies,5 Hansons Road,Portão,,288
540,target dot-com paradigms,5 Northland Alley,Gravataí,,30
541,productize sticky markets,7661 Badeau Center,Alminhas,,31
542,drive impactful web-readiness,1188 Golf View Parkway,Nanggewer,,600
543,syndicate back-end functionalities,0666 Burrows Parkway,Vargas,Aliquam erat volutpat.,967
544,transition open-source e-markets,4 Mcguire Court,Kaya,Nullam porttitor lacus at turpis. Donec posuere metus vitae ipsum.,798
545,brand world-class bandwidth,98076 Garrison Place,Saint-André-Avellin,Suspendisse potenti.,230
546,engineer bricks-and-clicks interfaces,919 Jay Park,Toledo,"Cras mi pede, malesuada in, imperdiet et, commodo vulputate, justo.",862
547,redefine end-to-end schemas,0936 Hudson Plaza,Aberdeen,,453
548,exploit sexy infomediaries,25 Doe Crossing Park,Lucija,,563
549,reintermediate clicks-and-mortar web services,98864 Logan Plaza,Pawing,Integer a nibh. In quis justo.,883
550,enhance global deliverables,7 American Ash Point,Tanamiting,Aenean sit amet justo.,414
551,orchestrate out-of-the-box experiences,87 Birchwood Circle,Thị Trấn Phú Mỹ,Nam nulla.,250
552,leverage B2C synergies,8 Esch Pass,Rosmalen,,616
553,recontextualize open-source e-markets,33872 Swallow Trail,Fushë-Bulqizë,,564
554,extend ubiquitous vortals,2 Fordem Road,Menghai,Fusce consequat.,514
555,facilitate best-of-breed partnerships,27928 Cottonwood Circle,Heshan,"Nullam orci pede, venenatis non, sodales sed, tincidunt eu, felis. Fusce posuere felis sed lacus.",545
556,expedite synergistic metrics,75703 Burning Wood Drive,Xinle,,831
557,enhance world-class deliverables,67 Valley Edge Park,Maslovare,Morbi ut odio.,841
558,deliver global markets,55269 Carioca Center,Huazhai,,167
559,revolutionize sticky web services,61 Delladonna Circle,Jamban,,335
560,grow front-end markets,97308 Parkside Road,San Diego,,383
561,aggregate front-end schemas,290 Pierstorff Avenue,Gajah,Maecenas tincidunt lacus at velit. Vivamus vel nulla eget eros elementum pellentesque.,514
562,implement scalable channels,23 Forster Circle,Nuoxizhi,"In hac habitasse platea dictumst. Aliquam augue quam, sollicitudin vitae, consectetuer eget, rutrum at, lorem.",180
563,syndicate compelling web services,4 Debs Alley,Hato Mayor del Rey,,829
564,leverage frictionless paradigms,99 Warner Road,Malangabang,,905
565,innovate web-enabled partnerships,43 Blue Bill Park Plaza,Jabłonica Polska,"Morbi vestibulum, velit id pretium iaculis, diam erat fermentum justo, nec condimentum neque sapien placerat ante. Nulla justo.",645
566,expedite global portals,247 Clarendon Trail,Pokrovskoye,"Proin leo odio, porttitor id, consequat in, consequat ut, nulla. Sed accumsan felis.",328
567,implement vertical communities,8446 Badeau Alley,Bohutín,,442
568,syndicate end-to-end e-business,34 Luster Street,Chifeng,,497
569,seize dynamic networks,4 Shopko Way,Baleagung,Integer ac neque. Duis bibendum.,47
570,monetize wireless experiences,5214 Dayton Trail,Lajeado,,130
571,revolutionize distributed platforms,68 Russell Pass,Lakinsk,,56
572,transform e-business architectures,26 Hermina Avenue,Nesterovskaya,,537
573,redefine wireless eyeballs,48 Jay Drive,Cachí,,852
574,generate user-centric interfaces,34 Fremont Terrace,Hostěradice,Pellentesque eget nunc. Donec quis orci eget orci vehicula condimentum.,189
575,expedite revolutionary action-items,8992 Becker Terrace,Buenavista,In congue. Etiam justo.,511
576,mesh value-added e-services,96 Dottie Alley,Claveria,Duis mattis egestas metus.,364
577,iterate B2C portals,15 Sachtjen Park,Guanajuato,Aenean fermentum. Donec ut mauris eget massa tempor convallis.,456
578,unleash extensible web-readiness,25178 Hazelcrest Pass,Balung Barat,Donec quis orci eget orci vehicula condimentum.,848
579,enable open-source action-items,6063 Londonderry Point,Desa Baregbeg,In quis justo.,892
580,streamline value-added channels,8 Pine View Court,Chodów,,310
581,transform 24/365 models,3 Scofield Park,Grebnevo,,491
582,engineer innovative ROI,41196 Macpherson Pass,Amiens,Maecenas rhoncus aliquam lacus.,699
583,matrix dot-com methodologies,39 Heffernan Road,Mondim de Basto,,601
584,productize global applications,1745 5th Hill,Tampakan,,51
585,recontextualize sticky communities,75 Ryan Avenue,Allen,,986
586,optimize revolutionary functionalities,85 Vidon Drive,Vila Verde,,621
587,transition virtual models,97266 Lukken Park,Tianxin,Morbi porttitor lorem id ligula.,75
588,maximize intuitive functionalities,7964 West Trail,Boleiros,,25
589,optimize back-end channels,11 Waywood Hill,Golopau,,651
590,seize global technologies,905 Golf View Place,Bijeli,Ut at dolor quis odio consequat varius. Integer ac leo.,981
591,engage web-enabled infomediaries,999 Weeping Birch Alley,Paniówki,"Vestibulum ante ipsum primis in faucibus orci luctus et ultrices posuere cubilia Curae; Donec pharetra, magna vestibulum aliquet ultrices, erat tortor sollicitudin mi, sit amet lobortis sapien sapien non mi. Integer ac neque.",504
592,transform 24/365 functionalities,8 Hermina Pass,Pangkungparuk,"Lorem ipsum dolor sit amet, consectetuer adipiscing elit.",444
593,deliver leading-edge e-commerce,40 Ilene Trail,Chencun,,183
594,transition visionary e-tailers,765 Amoth Circle,Governor’s Harbour,,788
595,brand distributed networks,0 Carberry Drive,Villa Castelli,In quis justo. Maecenas rhoncus aliquam lacus.,707
596,evolve cross-platform networks,54760 Banding Way,Beiquan,,834
597,empower sticky metrics,23 Tomscot Point,La Unión,Morbi non lectus. Aliquam sit amet diam in magna bibendum imperdiet.,284
598,integrate scalable web-readiness,73 Declaration Drive,Travesía,,576
599,recontextualize back-end platforms,6113 Jenna Trail,Krasnaya Polyana,,974
600,target e-business networks,068 Sherman Pass,Majzar,Nunc nisl.,301
601,unleash viral paradigms,89910 6th Way,Castelli,"Cras mi pede, malesuada in, imperdiet et, commodo vulputate, justo. In blandit ultrices enim.",700
602,enable magnetic markets,19267 Forest Run Junction,Jiaoqi,Morbi non quam nec dui luctus rutrum.,662
603,harness back-end action-items,6 Trailsway Plaza,San Miguel,,51
604,synergize front-end ROI,8 Sycamore Terrace,Guararema,"Donec odio justo, sollicitudin ut, suscipit a, feugiat et, eros. Vestibulum ac est lacinia nisi venenatis tristique.",831
605,e-enable holistic metrics,26 Ohio Avenue,Arcueil,"Morbi sem mauris, laoreet ut, rhoncus aliquet, pulvinar sed, nisl.",832
606,reinvent magnetic methodologies,881 Lake View Drive,Warin Chamrap,Aenean lectus. Pellentesque eget nunc.,260
607,empower world-class action-items,3 Mayfield Road,Pingdingshan,"Cras in purus eu magna vulputate luctus. Cum sociis natoque penatibus et magnis dis parturient montes, nascetur ridiculus mus.",942
608,expedite e-business experiences,582 Sunnyside Parkway,Shouzhan,,325
609,benchmark bleeding-edge infomediaries,3256 Melby Lane,Rietavas,,200
610,synthesize distributed bandwidth,1465 Center Drive,Kuybyshev,,747
611,envisioneer distributed technologies,314 Sundown Drive,Jiangnan,Maecenas ut massa quis augue luctus tincidunt. Nulla mollis molestie lorem.,449
612,enable sexy networks,95112 Declaration Street,Miejsce Piastowe,Aenean sit amet justo. Morbi ut odio.,863
613,reinvent impactful web services,5 Killdeer Alley,Carcavelos,,325
614,reinvent e-business convergence,3 Fairfield Center,Jalapa,"Donec diam neque, vestibulum eget, vulputate ut, ultrices vel, augue. Vestibulum ante ipsum primis in faucibus orci luctus et ultrices posuere cubilia Curae; Donec pharetra, magna vestibulum aliquet ultrices, erat tortor sollicitudin mi, sit amet lob",661
615,empower dot-com infrastructures,36 Michigan Center,Seaforth,,984
616,target frictionless convergence,8407 John Wall Place,Velykyy Klyuchiv,,159
617,brand rich communities,6536 Drewry Hill,Combita,"Vestibulum ante ipsum primis in faucibus orci luctus et ultrices posuere cubilia Curae; Nulla dapibus dolor vel est. Donec odio justo, sollicitudin ut, suscipit a, feugiat et, eros.",214
618,embrace plug-and-play synergies,05 Northfield Way,Las Piñas,Pellentesque eget nunc.,809
619,innovate e-business technologies,49 Division Pass,Mâcon,,771
620,exploit bleeding-edge initiatives,2 Commercial Crossing,Krajan Kinanti,,766
621,streamline collaborative schemas,49395 Mariners Cove Place,Ayía Triás,Vivamus vel nulla eget eros elementum pellentesque.,935
622,e-enable rich partnerships,6 Harper Hill,Kotovsk,"Quisque erat eros, viverra eget, congue eget, semper rutrum, nulla. Nunc purus.",189
623,aggregate B2C relationships,131 Coleman Court,Atabayan,"Nam ultrices, libero non mattis pulvinar, nulla pede ullamcorper augue, a suscipit nulla elit ac nulla.",755
624,transform 24/7 communities,74 Iowa Point,Ulricehamn,Curabitur convallis. Duis consequat dui nec nisi volutpat eleifend.,703
625,monetize ubiquitous architectures,9851 Straubel Place,Leuwipicung,,885
626,harness B2C experiences,949 Onsgard Trail,Aiquile,,614
627,engage mission-critical technologies,91 Cambridge Plaza,Badian,Vivamus vel nulla eget eros elementum pellentesque.,547
628,reinvent vertical e-markets,2 Myrtle Lane,Sann,,555
629,transition seamless interfaces,3823 Novick Lane,Ronov nad Doubravou,"Fusce congue, diam id ornare imperdiet, sapien urna pretium nisl, ut volutpat sapien arcu sed augue.",239
630,engineer dynamic e-commerce,0591 Leroy Street,Jaboatão dos Guararapes,Morbi ut odio.,467
631,target turn-key mindshare,07678 Roth Pass,Shchūchīnsk,Nulla suscipit ligula in lacus. Curabitur at ipsum ac tellus semper interdum.,854
632,generate B2C architectures,35 Mendota Park,Kawayan,Donec ut dolor. Morbi vel lectus in quam fringilla rhoncus.,172
633,revolutionize holistic eyeballs,5473 Fremont Way,Prachuap Khiri Khan,,995
634,matrix next-generation communities,821 Green Park,Cauday,,442
635,facilitate strategic e-services,67 Petterle Junction,Si Khoraphum,,355
636,revolutionize strategic schemas,250 Sunbrook Hill,Satka,"Lorem ipsum dolor sit amet, consectetuer adipiscing elit.",25
637,embrace efficient portals,11988 Hoepker Crossing,Antanhol,"Fusce lacus purus, aliquet at, feugiat non, pretium quis, lectus. Suspendisse potenti.",780
638,mesh extensible relationships,810 Green Point,Baraba,Etiam faucibus cursus urna.,613
639,repurpose front-end channels,061 Dovetail Place,Sambirejo,,304
640,monetize strategic niches,39 Forster Center,Gaoliban,Vestibulum ante ipsum primis in faucibus orci luctus et ultrices posuere cubilia Curae,993
641,benchmark sticky interfaces,628 Monterey Avenue,Gensi,Aenean sit amet justo. Morbi ut odio.,972
642,disintermediate B2C bandwidth,4 Cardinal Way,Sŏnbong,"Integer pede justo, lacinia eget, tincidunt eget, tempus vel, pede. Morbi porttitor lorem id ligula.",960
643,implement synergistic interfaces,95 Express Drive,Guanabacoa,,136
644,expedite ubiquitous experiences,7977 Waubesa Place,Wenchun,Nunc rhoncus dui vel sem. Sed sagittis.,663
645,mesh e-business relationships,06846 Leroy Crossing,Laiya,"Cras mi pede, malesuada in, imperdiet et, commodo vulputate, justo.",521
646,e-enable sticky mindshare,6517 Lyons Park,Bifeng,Curabitur in libero ut massa volutpat convallis.,452
647,incubate magnetic e-services,95 Golf View Way,Yevpatoriya,,160
648,scale visionary partnerships,52817 Stuart Place,Xiadong,Nulla facilisi.,407
649,repurpose cross-media e-commerce,3077 Redwing Way,Wufu,"Phasellus id sapien in sapien iaculis congue. Vivamus metus arcu, adipiscing molestie, hendrerit at, vulputate vitae, nisl.",175
650,maximize robust platforms,877 Transport Place,Tiandu,Mauris sit amet eros.,164
651,disintermediate end-to-end e-business,40715 Rigney Center,Mae Fa Luang,"Duis bibendum, felis sed interdum venenatis, turpis enim blandit mi, in porttitor pede justo eu massa.",437
652,harness world-class technologies,39 Petterle Lane,Tubalan,"Quisque erat eros, viverra eget, congue eget, semper rutrum, nulla.",799
653,strategize B2C methodologies,61476 Weeping Birch Junction,La Oroya,Aenean fermentum. Donec ut mauris eget massa tempor convallis.,827
654,streamline 24/7 ROI,70068 Oakridge Parkway,Yidu,Aliquam erat volutpat. In congue.,824
655,syndicate collaborative users,70915 Kingsford Plaza,Giporlos,"Integer aliquet, massa id lobortis convallis, tortor risus dapibus augue, vel accumsan tellus nisi eu orci. Mauris lacinia sapien quis libero.",566
656,recontextualize cross-platform niches,9 Moulton Court,Novovasylivka,"Integer pede justo, lacinia eget, tincidunt eget, tempus vel, pede. Morbi porttitor lorem id ligula.",962
657,engage killer functionalities,72 Sheridan Center,Bulgan,,84
658,aggregate bricks-and-clicks infomediaries,29 Clove Circle,Kota Kinabalu,,835
659,unleash plug-and-play web services,934 Superior Place,Carnot,Praesent blandit.,188
660,disintermediate innovative e-markets,7610 Northview Avenue,Zinder,Aenean auctor gravida sem.,99
661,synthesize e-business synergies,976 Sycamore Court,Khenifra,Duis ac nibh.,884
662,whiteboard viral portals,662 3rd Lane,Kovači,Maecenas rhoncus aliquam lacus.,202
663,incentivize clicks-and-mortar niches,6860 Oriole Drive,Barubandung,"Nunc nisl. Duis bibendum, felis sed interdum venenatis, turpis enim blandit mi, in porttitor pede justo eu massa.",276
664,transform 24/365 supply-chains,6797 Mcguire Parkway,Geghanist,"Suspendisse ornare consequat lectus. In est risus, auctor sed, tristique in, tempus sit amet, sem.",4
665,optimize proactive web services,37 Red Cloud Alley,Preobrazheniye,Cras non velit nec nisi vulputate nonummy.,679
666,incentivize one-to-one interfaces,2 Charing Cross Circle,Masalovka,Quisque porta volutpat erat.,263
667,unleash proactive bandwidth,876 Waxwing Street,Jiufeng,,254
668,enable turn-key ROI,89116 Summer Ridge Crossing,Moca,Curabitur convallis. Duis consequat dui nec nisi volutpat eleifend.,888
669,generate B2B platforms,21764 Loftsgordon Place,Lisków,Suspendisse potenti.,514
670,implement cutting-edge portals,99 Mifflin Park,Annecy-le-Vieux,"Donec odio justo, sollicitudin ut, suscipit a, feugiat et, eros. Vestibulum ac est lacinia nisi venenatis tristique.",668
671,synergize mission-critical interfaces,83 Miller Park,Dahe,,625
672,harness distributed synergies,0 Shasta Trail,Sosnovo-Ozerskoye,"Maecenas tristique, est et tempus semper, est quam pharetra magna, ac consequat metus sapien ut nunc. Vestibulum ante ipsum primis in faucibus orci luctus et ultrices posuere cubilia Curae; Mauris viverra diam vitae quam.",713
673,optimize integrated e-tailers,30235 Bellgrove Hill,Al Maşdūr,,227
674,matrix open-source architectures,15 Katie Pass,Rzeczenica,"Lorem ipsum dolor sit amet, consectetuer adipiscing elit. Proin interdum mauris non ligula pellentesque ultrices.",651
675,mesh scalable eyeballs,373 Sheridan Drive,Magdaleno Aguilar,"Vivamus metus arcu, adipiscing molestie, hendrerit at, vulputate vitae, nisl.",494
676,grow visionary partnerships,59 Union Lane,Hengjie,,487
677,enable end-to-end partnerships,12 Brickson Park Trail,Jixin,Vivamus vestibulum sagittis sapien.,488
678,incubate front-end channels,91 Springview Drive,Örebro,,96
679,synergize magnetic partnerships,1 Browning Road,Hekou,,885
680,repurpose end-to-end solutions,1192 Dryden Court,Sanguansi,Cras pellentesque volutpat dui.,191
681,drive killer action-items,64 Northwestern Place,Oratorio,,593
682,generate user-centric supply-chains,47463 Lindbergh Road,Wenchi,Vivamus vel nulla eget eros elementum pellentesque. Quisque porta volutpat erat.,217
683,evolve extensible infomediaries,126 Westerfield Junction,Juḩr ad Dīk,"Curabitur in libero ut massa volutpat convallis. Morbi odio odio, elementum eu, interdum eu, tincidunt in, leo.",207
684,aggregate web-enabled deliverables,07 Fairview Drive,Kamloops,,204
685,utilize intuitive web-readiness,97982 Dunning Terrace,Powidz,,99
686,enhance clicks-and-mortar metrics,82217 Muir Park,Čelopek,Aliquam non mauris.,157
687,transition sexy markets,7 Tony Trail,Baih,In sagittis dui vel nisl. Duis ac nibh.,26
688,aggregate intuitive metrics,291 Granby Place,城郊,Integer tincidunt ante vel ipsum.,46
689,target holistic schemas,855 Linden Place,Nawu,,942
690,cultivate frictionless content,8813 Luster Plaza,Rasshevatskaya,,813
691,innovate B2C e-services,9 Mcbride Parkway,Sidi Yahia el Gharb,Integer ac neque. Duis bibendum.,489
692,engage intuitive synergies,428 Fulton Circle,Abricots,,203
693,unleash open-source initiatives,2193 Cascade Point,La Asunción,,313
694,monetize value-added e-markets,35 Texas Road,Feteira Grande,Maecenas rhoncus aliquam lacus.,715
695,generate scalable supply-chains,97176 Cambridge Crossing,Ukmerge,,770
696,incentivize sticky markets,0957 Nova Point,Jindřichův Hradec,,451
697,target compelling users,3904 Doe Crossing Park,Osapsio,,352
698,synthesize integrated systems,07 Eliot Drive,Blokdesa Situgede,,292
699,orchestrate best-of-breed infrastructures,15 Village Green Street,Benjamín Aceval,,922
700,extend back-end e-services,44837 Tennessee Road,Paris 17,,760
701,reinvent B2B action-items,64 Sachtjen Avenue,Dalan,,782
702,leverage dynamic action-items,8 Eagle Crest Avenue,Singaraja,,116
703,visualize compelling infomediaries,45668 Armistice Terrace,Houston,Aenean auctor gravida sem. Praesent id massa id nisl venenatis lacinia.,834
704,visualize proactive infomediaries,36437 Nova Crossing,Fauske,"Fusce congue, diam id ornare imperdiet, sapien urna pretium nisl, ut volutpat sapien arcu sed augue.",56
705,transition best-of-breed web services,69 Rockefeller Crossing,Ar Ru’ays,"Lorem ipsum dolor sit amet, consectetuer adipiscing elit.",493
706,incubate plug-and-play niches,944 Arapahoe Junction,Campo Alegre,Suspendisse potenti.,499
707,target e-business networks,99588 Trailsway Lane,Randuagung,Vivamus in felis eu sapien cursus vestibulum. Proin eu mi.,778
708,architect wireless web services,439 Jana Alley,Fukuyama,"Curabitur in libero ut massa volutpat convallis. Morbi odio odio, elementum eu, interdum eu, tincidunt in, leo.",618
709,seize proactive schemas,777 Havey Crossing,Wiang Nuea,,111
710,productize efficient solutions,6 Park Meadow Alley,Nerchinsk,Phasellus in felis.,691
711,grow mission-critical metrics,6 Melody Crossing,Anápolis,"Vestibulum ante ipsum primis in faucibus orci luctus et ultrices posuere cubilia Curae; Nulla dapibus dolor vel est. Donec odio justo, sollicitudin ut, suscipit a, feugiat et, eros.",260
712,optimize impactful e-commerce,9965 Fairfield Pass,Thị Trấn Yên Ninh,Nulla suscipit ligula in lacus.,199
713,innovate turn-key e-commerce,4 Oakridge Pass,Yanguan,"Mauris ullamcorper purus sit amet nulla. Quisque arcu libero, rutrum ac, lobortis vel, dapibus at, diam.",365
714,leverage one-to-one e-business,951 John Wall Terrace,Weiyuan,Curabitur gravida nisi at nibh. In hac habitasse platea dictumst.,322
715,evolve interactive supply-chains,338 Carpenter Parkway,Magsaysay,,459
716,integrate 24/7 bandwidth,3 Glacier Hill Road,Irbid,Nulla tempus. Vivamus in felis eu sapien cursus vestibulum.,806
717,recontextualize leading-edge portals,5257 Scofield Center,Wenping,,713
718,optimize vertical channels,5356 Cordelia Junction,Przybiernów,,337
719,scale seamless e-commerce,0617 Crescent Oaks Road,Mawza‘,,502
720,mesh open-source web services,064 Fallview Hill,Baofeng,,919
721,enable killer systems,19 Dapin Point,Polepy,Suspendisse potenti.,793
722,facilitate wireless mindshare,1606 Mayfield Way,Ḩalabjah,,934
723,reinvent proactive experiences,4018 Cottonwood Crossing,Semey,,70
724,scale impactful markets,54942 West Crossing,Tallahassee,Quisque porta volutpat erat.,819
725,optimize killer channels,51529 Nova Center,Bulu,"Integer pede justo, lacinia eget, tincidunt eget, tempus vel, pede. Morbi porttitor lorem id ligula.",42
726,empower holistic content,0445 Katie Drive,Yayao,Maecenas rhoncus aliquam lacus. Morbi quis tortor id nulla ultrices aliquet.,438
727,extend cross-media initiatives,6 Chive Park,Vera Cruz,,165
728,e-enable world-class portals,2 Hoffman Circle,Proptisht,,580
729,matrix world-class platforms,5 Arrowood Trail,Uyovu,Aliquam non mauris. Morbi non lectus.,90
730,exploit efficient experiences,2 Maple Wood Way,Siikajoki,Nulla ut erat id mauris vulputate elementum.,539
731,synergize collaborative convergence,658 Comanche Way,Naberezhnyye Chelny,,287
732,synthesize scalable vortals,84382 Glacier Hill Park,Banjar Serangan,"In tempor, turpis nec euismod scelerisque, quam turpis adipiscing lorem, vitae mattis nibh ligula nec sem.",719
733,exploit cutting-edge infrastructures,2 Annamark Terrace,Foxton,Maecenas tincidunt lacus at velit.,288
734,extend intuitive deliverables,6037 Springview Drive,Samphanthawong,,574
735,seize customized infrastructures,88 Hauk Plaza,Rodionovo-Nesvetaiskoye,,830
736,benchmark B2C channels,86527 Hanson Center,Stony Plain,Integer ac leo.,890
737,transform mission-critical synergies,65369 Blackbird Hill,Wyśmierzyce,,318
738,visualize bricks-and-clicks platforms,05255 Glendale Avenue,Qixia,Aenean fermentum.,44
739,facilitate granular schemas,8 Springs Hill,Ngedhubasa,"Maecenas tristique, est et tempus semper, est quam pharetra magna, ac consequat metus sapien ut nunc. Vestibulum ante ipsum primis in faucibus orci luctus et ultrices posuere cubilia Curae; Mauris viverra diam vitae quam.",690
740,scale 24/365 functionalities,03 Hallows Street,Mirovka,,683
741,reinvent collaborative partnerships,5 Park Meadow Park,Paris La Défense,"Phasellus id sapien in sapien iaculis congue. Vivamus metus arcu, adipiscing molestie, hendrerit at, vulputate vitae, nisl.",618
742,maximize dynamic action-items,3 Sheridan Road,Beauharnois,Proin risus.,295
743,deliver compelling synergies,84 Havey Drive,Los Angeles,"Donec diam neque, vestibulum eget, vulputate ut, ultrices vel, augue.",167
744,synthesize strategic e-services,56 Pleasure Place,Suwaduk,"Lorem ipsum dolor sit amet, consectetuer adipiscing elit. Proin interdum mauris non ligula pellentesque ultrices.",65
745,extend efficient infomediaries,6 Bayside Drive,Lapaz,,935
746,drive efficient deliverables,9 Holy Cross Point,Huolongmen,,265
747,synthesize front-end markets,71 Alpine Court,Hamilton,"Mauris enim leo, rhoncus sed, vestibulum sit amet, cursus id, turpis. Integer aliquet, massa id lobortis convallis, tortor risus dapibus augue, vel accumsan tellus nisi eu orci.",663
748,deploy impactful eyeballs,85320 Namekagon Junction,Uluarang,,104
749,redefine dot-com channels,5401 Mayer Center,Alvito,Aliquam non mauris.,374
750,iterate bricks-and-clicks applications,17713 3rd Street,Balyqshy,,958
751,orchestrate virtual eyeballs,928 Hovde Drive,Serra da Boa Viagem,Nullam varius.,924
752,e-enable vertical applications,4 Summerview Point,Talashkino,,328
753,seize ubiquitous users,2 Tennyson Park,Jetis,,138
754,reintermediate mission-critical deliverables,1115 Summit Street,Springfield,"Vestibulum quam sapien, varius ut, blandit non, interdum in, ante. Vestibulum ante ipsum primis in faucibus orci luctus et ultrices posuere cubilia Curae; Duis faucibus accumsan odio.",944
755,synthesize granular e-business,98793 Maple Wood Park,Řehlovice,Sed ante.,144
756,target seamless bandwidth,75734 Independence Plaza,Santa Lucía,,936
757,evolve 24/365 platforms,7 Ridgeview Street,Francisco I Madero,,994
758,monetize 24/365 e-markets,52 Acker Park,San Pedro Zacapa,In hac habitasse platea dictumst. Maecenas ut massa quis augue luctus tincidunt.,540
759,monetize bleeding-edge e-tailers,382 Sullivan Pass,Fianarantsoa,,480
760,harness rich systems,26547 Shasta Point,Liutangting,"Donec ut mauris eget massa tempor convallis. Nulla neque libero, convallis eget, eleifend luctus, ultricies eu, nibh.",591
761,mesh turn-key e-commerce,0 Warbler Center,Slavuta,Nullam sit amet turpis elementum ligula vehicula consequat.,100
762,redefine killer initiatives,4 Alpine Crossing,San Francisco,,997
763,synergize strategic functionalities,53379 8th Avenue,Müllendorf,,710
764,utilize dot-com networks,2839 Dixon Hill,Mataraben,,614
765,e-enable strategic e-business,8 Maryland Road,Raemude,,691
766,optimize customized e-services,36674 Bellgrove Parkway,Zubrzyca Dolna,Phasellus sit amet erat. Nulla tempus.,48
767,enable B2C schemas,26507 Farragut Center,Huayacundo Arma,,754
768,productize out-of-the-box systems,0 Debra Terrace,Debrecen,Vivamus in felis eu sapien cursus vestibulum.,338
769,synergize cutting-edge web-readiness,977 Bonner Circle,Daming,,261
770,enhance virtual web services,382 Crownhardt Alley,Dan Sadau,Morbi vel lectus in quam fringilla rhoncus.,554
771,incubate cross-media schemas,959 Elka Alley,Cravinhos,,192
772,disintermediate virtual portals,5 Dakota Park,Bagou,,610
773,extend B2B eyeballs,36 Laurel Pass,Omuo-Ekiti,Aliquam sit amet diam in magna bibendum imperdiet.,314
774,benchmark viral e-services,90875 Pennsylvania Pass,Paramaribo,"Fusce congue, diam id ornare imperdiet, sapien urna pretium nisl, ut volutpat sapien arcu sed augue. Aliquam erat volutpat.",201
775,whiteboard end-to-end e-tailers,27 Nova Alley,Santa Rosa,,469
776,brand robust e-markets,9646 Homewood Road,Baise City,,599
777,orchestrate bricks-and-clicks schemas,894 Claremont Drive,Um Jar Al Gharbiyya,,873
778,harness bricks-and-clicks niches,1185 Sage Road,Catujal Velho,,616
779,implement viral web-readiness,4253 Crowley Center,Borlänge,Curabitur gravida nisi at nibh. In hac habitasse platea dictumst.,363
780,synthesize robust markets,679 American Terrace,São Torcato,"In tempor, turpis nec euismod scelerisque, quam turpis adipiscing lorem, vitae mattis nibh ligula nec sem. Duis aliquam convallis nunc.",471
781,monetize turn-key applications,8028 Pond Crossing,Monte,"Duis bibendum, felis sed interdum venenatis, turpis enim blandit mi, in porttitor pede justo eu massa. Donec dapibus.",803
782,seize sexy networks,75 Armistice Terrace,São Silvestre,,376
783,reintermediate innovative communities,18 Glendale Junction,Blaye,,764
784,facilitate e-business paradigms,8966 Lawn Circle,Tadmur,,575
785,monetize mission-critical eyeballs,67490 Bartillon Terrace,Čajetina,Proin risus. Praesent lectus.,337
786,visualize B2B markets,51 Glacier Hill Place,Cabanilla,,872
787,leverage impactful e-tailers,253 Leroy Point,Corroios,"Donec diam neque, vestibulum eget, vulputate ut, ultrices vel, augue. Vestibulum ante ipsum primis in faucibus orci luctus et ultrices posuere cubilia Curae; Donec pharetra, magna vestibulum aliquet ultrices, erat tortor sollicitudin mi, sit amet lob",839
788,synthesize 24/7 communities,2 Londonderry Way,Yelizavetinskoye,"Suspendisse ornare consequat lectus. In est risus, auctor sed, tristique in, tempus sit amet, sem.",750
789,cultivate mission-critical convergence,87717 Goodland Hill,Norfolk,,184
790,transition holistic vortals,68 Onsgard Park,Qobu,In hac habitasse platea dictumst.,183
791,innovate killer technologies,0 Stuart Center,Basing,,8
792,deploy revolutionary supply-chains,39 Gina Place,Cachoeirinha,,793
793,orchestrate magnetic convergence,054 Weeping Birch Way,Pampa de los Guanacos,,706
794,deploy virtual e-services,97826 Darwin Circle,Undurkhaan,Nulla facilisi.,837
795,brand viral communities,24857 Marcy Hill,Żórawina,Nullam porttitor lacus at turpis. Donec posuere metus vitae ipsum.,785
796,disintermediate wireless initiatives,07 8th Pass,Carrigaline,Nunc purus.,813
797,redefine e-business ROI,11679 Brentwood Avenue,Kobrinskoye,,299
798,seize 24/7 markets,868 Anniversary Drive,Berezanka,,505
799,envisioneer leading-edge relationships,28 Sunfield Hill,Kalí Vrýsi,Aliquam quis turpis eget elit sodales scelerisque. Mauris sit amet eros.,661
800,expedite seamless content,7860 Killdeer Drive,Suyang,,734
801,orchestrate strategic infomediaries,74923 Ramsey Drive,Bojszowy Nowe,In eleifend quam a odio. In hac habitasse platea dictumst.,758
802,unleash real-time e-tailers,5623 Oriole Center,Juxing,,891
803,whiteboard impactful e-services,94072 Jay Road,Pueblo Nuevo,,260
804,cultivate leading-edge interfaces,33 Bluejay Road,Täby,"Lorem ipsum dolor sit amet, consectetuer adipiscing elit.",656
805,deploy impactful networks,47 Bobwhite Trail,Youxi,Sed vel enim sit amet nunc viverra dapibus.,504
806,expedite extensible networks,43 Nova Court,Lunéville,"Morbi vestibulum, velit id pretium iaculis, diam erat fermentum justo, nec condimentum neque sapien placerat ante.",547
807,optimize out-of-the-box partnerships,696 Karstens Plaza,Barrunchal,"Lorem ipsum dolor sit amet, consectetuer adipiscing elit.",181
808,transition extensible mindshare,2662 Pierstorff Park,Las Palmas,Nullam porttitor lacus at turpis.,195
809,visualize strategic e-commerce,838 Fuller Trail,Dongxing,Integer ac leo. Pellentesque ultrices mattis odio.,472
810,engage world-class partnerships,137 Emmet Way,Peredovaya,,513
811,harness end-to-end content,244 Moulton Place,Vukojevci,Vivamus vel nulla eget eros elementum pellentesque. Quisque porta volutpat erat.,353
812,leverage ubiquitous applications,09383 Mayer Hill,Troyan,,790
813,exploit web-enabled markets,60 Bunker Hill Place,Amagbagan,"Vivamus metus arcu, adipiscing molestie, hendrerit at, vulputate vitae, nisl. Aenean lectus.",450
814,synthesize sticky e-tailers,06128 Orin Parkway,Józefów,,618
815,unleash real-time e-business,8 Dahle Junction,Nestório,,894
816,matrix B2B channels,0 Darwin Park,Camachile,Integer ac leo. Pellentesque ultrices mattis odio.,975
817,optimize front-end e-commerce,5 Northridge Parkway,Cluny,,763
818,transform cross-media infomediaries,51473 Grim Junction,Tuzhu,"In est risus, auctor sed, tristique in, tempus sit amet, sem. Fusce consequat.",414
819,monetize collaborative markets,03 Sundown Avenue,Pukë,Praesent id massa id nisl venenatis lacinia. Aenean sit amet justo.,188
820,disintermediate distributed e-business,49400 David Hill,Dayingjie,Suspendisse potenti. In eleifend quam a odio.,978
821,leverage front-end interfaces,550 Manley Circle,Banatska Topola,Curabitur at ipsum ac tellus semper interdum.,441
822,engage dynamic relationships,1536 Calypso Alley,Zhoutie,,163
823,productize efficient initiatives,784 Gerald Drive,Estela,Nunc nisl.,184
824,reinvent 24/7 action-items,900 Tomscot Hill,Rathdrum,Vivamus in felis eu sapien cursus vestibulum.,235
825,extend scalable architectures,3693 Ryan Street,Nereta,Mauris lacinia sapien quis libero.,869
826,iterate e-business solutions,07741 Sugar Terrace,Tahe,"Nullam orci pede, venenatis non, sodales sed, tincidunt eu, felis. Fusce posuere felis sed lacus.",137
827,deploy bleeding-edge networks,38 Mayer Parkway,Mene de Mauroa,,251
828,transform clicks-and-mortar supply-chains,2 Crescent Oaks Trail,Sagbayan,Nulla tempus.,826
829,generate interactive metrics,42 Sloan Drive,Chengyue,,972
830,reinvent rich functionalities,9279 Sugar Park,Jagna,,887
831,synergize synergistic applications,241 Lukken Junction,Shangjin,"Donec odio justo, sollicitudin ut, suscipit a, feugiat et, eros. Vestibulum ac est lacinia nisi venenatis tristique.",326
832,morph customized markets,424 Morrow Way,Santa Valha,,123
833,monetize ubiquitous e-tailers,37617 Mosinee Crossing,Bonavista,,258
834,empower revolutionary partnerships,93985 Kennedy Avenue,Hebu,,783
835,productize virtual web services,753 Bartillon Point,Mersam,Suspendisse potenti.,495
836,revolutionize bricks-and-clicks convergence,94 Westend Pass,Borzna,Duis consequat dui nec nisi volutpat eleifend.,693
837,engineer best-of-breed e-services,1694 Talisman Alley,Jinhu,,798
838,expedite sticky models,5 Blue Bill Park Point,Az Zabadānī,,393
839,monetize e-business solutions,15381 Del Sol Junction,Yeri,"Morbi vel lectus in quam fringilla rhoncus. Mauris enim leo, rhoncus sed, vestibulum sit amet, cursus id, turpis.",889
840,deploy revolutionary technologies,3 Esker Way,Chunshui,Aenean sit amet justo.,282
841,visualize bleeding-edge content,68 Roxbury Park,Pirca,,519
842,reinvent e-business solutions,306 Weeping Birch Drive,Uddevalla,Praesent blandit lacinia erat. Vestibulum sed magna at nunc commodo placerat.,525
843,morph enterprise ROI,59 Farragut Way,New York City,,240
844,visualize virtual solutions,6 Hudson Way,Vinnytsya,,538
845,e-enable out-of-the-box communities,38 Del Sol Point,Lubbock,"Nam ultrices, libero non mattis pulvinar, nulla pede ullamcorper augue, a suscipit nulla elit ac nulla.",255
846,incentivize interactive niches,29390 Bunker Hill Trail,Altanbulag,Sed ante. Vivamus tortor.,524
847,leverage cross-platform e-markets,99924 Colorado Center,Şaqānis,,615
848,visualize end-to-end systems,1 Redwing Park,Hisai,Integer tincidunt ante vel ipsum. Praesent blandit lacinia erat.,87
849,leverage efficient markets,3028 Clove Parkway,Shuhe,,503
850,benchmark value-added web-readiness,0 Farwell Avenue,Tangchi,,355
851,incubate viral e-tailers,0 Birchwood Way,Emiliano Zapata,Vivamus in felis eu sapien cursus vestibulum. Proin eu mi.,803
852,leverage scalable schemas,500 Ilene Point,Xiangshan,"Praesent lectus. Vestibulum quam sapien, varius ut, blandit non, interdum in, ante.",885
853,recontextualize magnetic deliverables,042 Ludington Drive,Słońsk,,477
854,transform granular architectures,96719 Sage Parkway,Pondokkaha Kelod,"Nunc nisl. Duis bibendum, felis sed interdum venenatis, turpis enim blandit mi, in porttitor pede justo eu massa.",879
855,deliver revolutionary relationships,7543 Eggendart Crossing,Bhokadoke,,551
856,transform 24/365 channels,9833 Gulseth Street,Mabalacat,"Aliquam augue quam, sollicitudin vitae, consectetuer eget, rutrum at, lorem.",683
857,e-enable frictionless systems,7 Mifflin Plaza,Khadīr,,513
858,seize plug-and-play synergies,58 Truax Avenue,Kuytun,,645
859,architect visionary models,7 Warrior Park,Palermo,"Vestibulum ante ipsum primis in faucibus orci luctus et ultrices posuere cubilia Curae; Nulla dapibus dolor vel est. Donec odio justo, sollicitudin ut, suscipit a, feugiat et, eros.",917
860,synergize back-end experiences,650 Macpherson Hill,Mirny,,676
861,seize sticky methodologies,58 Division Place,Lanuza,Pellentesque viverra pede ac diam.,438
862,visualize proactive users,1 Burning Wood Circle,Gostivar,Donec dapibus. Duis at velit eu est congue elementum.,604
863,streamline back-end e-commerce,565 Golf Road,Ipil,,566
864,exploit 24/7 portals,93 Daystar Alley,Sirnasari,,896
865,innovate web-enabled e-business,48095 Everett Place,Verkhnevilyuysk,,10
866,embrace B2B systems,82841 Roth Street,Xiamazhuang,,105
867,enable 24/7 infrastructures,404 Anhalt Park,Sarae,,755
868,enhance compelling solutions,8 Huxley Drive,Keelung,Praesent blandit. Nam nulla.,304
869,redefine cross-media solutions,4404 West Hill,Krasne,,834
870,integrate 24/365 communities,62370 Main Trail,Dongbang,,75
871,engineer virtual vortals,401 Main Plaza,Beiping,,571
872,disintermediate best-of-breed convergence,4 Killdeer Point,Tan Sum,,940
873,e-enable extensible platforms,21935 Pearson Place,Bohou,Vivamus in felis eu sapien cursus vestibulum. Proin eu mi.,142
874,harness bricks-and-clicks paradigms,0 Katie Plaza,Hořice,,453
875,deploy leading-edge architectures,9355 Sloan Crossing,Niagara Falls,Donec posuere metus vitae ipsum. Aliquam non mauris.,886
876,e-enable transparent vortals,863 Bay Junction,Huangzhuang,Suspendisse potenti. In eleifend quam a odio.,484
877,productize world-class initiatives,069 Parkside Alley,Kobleve,,889
878,deploy customized e-services,8896 Heffernan Avenue,Butel,Mauris sit amet eros. Suspendisse accumsan tortor quis turpis.,388
879,productize extensible e-business,565 Westend Alley,East Migpulao,,582
880,orchestrate out-of-the-box e-business,3615 Porter Lane,Tullinge,"Fusce lacus purus, aliquet at, feugiat non, pretium quis, lectus. Suspendisse potenti.",772
881,synergize revolutionary deliverables,2 Arizona Pass,Corpus,"Donec odio justo, sollicitudin ut, suscipit a, feugiat et, eros.",251
882,evolve mission-critical communities,1653 Fieldstone Drive,Kristiansand S,,731
883,mesh visionary infomediaries,55808 Mariners Cove Road,Hepu,"Duis bibendum, felis sed interdum venenatis, turpis enim blandit mi, in porttitor pede justo eu massa. Donec dapibus.",580
884,engineer leading-edge action-items,17490 Briar Crest Park,Kario,"Nam congue, risus semper porta volutpat, quam pede lobortis ligula, sit amet eleifend pede libero quis orci.",519
885,synthesize frictionless relationships,8 Eagle Crest Terrace,Duodaoshi,Maecenas tincidunt lacus at velit. Vivamus vel nulla eget eros elementum pellentesque.,228
886,drive vertical interfaces,78102 Village Green Road,Carabayllo,Nunc purus. Phasellus in felis.,790
887,enable out-of-the-box supply-chains,59098 School Center,Xudat,,609
888,brand B2C content,43 Transport Parkway,Cluny,,832
889,deliver transparent relationships,7 Hudson Center,Pita Kotte,Nullam varius. Nulla facilisi.,296
890,integrate impactful vortals,92927 Petterle Lane,Phanat Nikhom,Nunc nisl.,681
891,optimize visionary content,08621 Lerdahl Junction,Goiatuba,,708
892,innovate distributed action-items,3758 Oriole Hill,Touho,,615
893,expedite best-of-breed bandwidth,12500 Shelley Place,Solnechnyy,Aenean fermentum. Donec ut mauris eget massa tempor convallis.,963
894,cultivate plug-and-play action-items,39 Mandrake Alley,Ibagué,"Integer pede justo, lacinia eget, tincidunt eget, tempus vel, pede. Morbi porttitor lorem id ligula.",778
895,target impactful channels,44734 Trailsway Junction,Pau,,931
896,e-enable visionary infomediaries,2 Hermina Way,Balung Barat,,302
897,facilitate extensible content,242 Susan Crossing,Shanglaxiu,,960
898,exploit magnetic systems,48528 Buena Vista Plaza,Bella Vista,Curabitur convallis.,358
899,maximize collaborative systems,95294 Doe Crossing Center,Sagopshi,Morbi a ipsum.,997
900,reintermediate revolutionary infomediaries,58 Northwestern Crossing,Jianggao,,200
901,seize vertical deliverables,46 Maple Wood Road,Cacaopera,,10
902,grow extensible content,7 Farmco Plaza,Kuantan,,755
903,generate scalable web services,1666 Kropf Hill,Pau,,608
904,engineer revolutionary e-services,5 Melrose Point,Kumanovo,Duis aliquam convallis nunc. Proin at turpis a pede posuere nonummy.,785
905,cultivate intuitive infrastructures,5944 Eastwood Drive,Rzepiennik Strzyżewski,,354
906,evolve sexy eyeballs,88346 Acker Street,Nuoxizhi,,19
907,orchestrate cutting-edge communities,1 Green Parkway,Yeniköy,,174
908,envisioneer back-end metrics,08676 Lakewood Gardens Junction,Gandrungmangu,,685
909,generate leading-edge platforms,6 7th Drive,Stockholm,,483
910,engineer innovative partnerships,5 Starling Plaza,Desa Borogojol,,868
911,synergize plug-and-play synergies,8 Tennessee Way,Nonghe,"Fusce lacus purus, aliquet at, feugiat non, pretium quis, lectus.",489
912,utilize granular e-business,11 Vahlen Plaza,Huzhuang,,970
913,disintermediate compelling web services,53 Sachtjen Way,Santuario,,841
914,expedite user-centric e-business,234 Kinsman Way,Badai,,88
915,incubate rich content,35 Westerfield Pass,Vila Verde,,189
916,streamline seamless initiatives,202 Namekagon Hill,Nejo,"Maecenas tristique, est et tempus semper, est quam pharetra magna, ac consequat metus sapien ut nunc.",873
917,empower global e-services,1 Pierstorff Circle,Kamal,"Morbi sem mauris, laoreet ut, rhoncus aliquet, pulvinar sed, nisl.",300
918,innovate innovative functionalities,2616 Paget Park,Wutan,"Donec odio justo, sollicitudin ut, suscipit a, feugiat et, eros. Vestibulum ac est lacinia nisi venenatis tristique.",824
919,productize innovative e-tailers,78 Stuart Alley,Ipoh,Duis at velit eu est congue elementum.,57
920,incentivize B2B deliverables,293 Memorial Pass,Baleal,,471
921,extend global content,2 Erie Terrace,Loshnitsa,"Morbi odio odio, elementum eu, interdum eu, tincidunt in, leo. Maecenas pulvinar lobortis est.",740
922,benchmark 24/365 systems,1823 Stang Way,Minas de Oro,Pellentesque eget nunc. Donec quis orci eget orci vehicula condimentum.,54
923,cultivate seamless technologies,50 2nd Point,Biała,,382
924,grow sticky e-markets,0480 Nobel Lane,Daogao,"Morbi ut odio. Cras mi pede, malesuada in, imperdiet et, commodo vulputate, justo.",346
925,streamline mission-critical platforms,3 Mesta Way,Būlaevo,In hac habitasse platea dictumst. Maecenas ut massa quis augue luctus tincidunt.,634
926,envisioneer front-end niches,93000 Pawling Trail,Sakurai,"In hac habitasse platea dictumst. Morbi vestibulum, velit id pretium iaculis, diam erat fermentum justo, nec condimentum neque sapien placerat ante.",909
927,syndicate value-added convergence,0813 Corscot Parkway,Tucupita,,866
928,incentivize distributed metrics,50361 Kim Street,Tefé,Aenean sit amet justo. Morbi ut odio.,981
929,orchestrate customized eyeballs,0829 Clove Parkway,São Gabriel da Cachoeira,Nulla nisl. Nunc nisl.,731
930,leverage B2C content,75435 Sage Lane,Bangassou,Donec quis orci eget orci vehicula condimentum.,306
931,exploit collaborative relationships,3685 Magdeline Avenue,Saparbay,,810
932,enable synergistic eyeballs,5629 Holmberg Drive,Utrecht (stad),,167
933,enable dot-com e-services,1276 Scoville Junction,Kochani,Vestibulum ante ipsum primis in faucibus orci luctus et ultrices posuere cubilia Curae,888
934,engineer B2B ROI,75 Northridge Park,Mijiang,"Maecenas tristique, est et tempus semper, est quam pharetra magna, ac consequat metus sapien ut nunc. Vestibulum ante ipsum primis in faucibus orci luctus et ultrices posuere cubilia Curae; Mauris viverra diam vitae quam.",195
935,seize sticky methodologies,9890 High Crossing Avenue,Thị Trấn Mường Khương,Aenean sit amet justo.,706
936,facilitate end-to-end web-readiness,20 Jay Circle,Bogdaniec,"Integer pede justo, lacinia eget, tincidunt eget, tempus vel, pede.",558
937,utilize cutting-edge web services,0 Jana Place,Palkovice,"Morbi ut odio. Cras mi pede, malesuada in, imperdiet et, commodo vulputate, justo.",455
938,aggregate bricks-and-clicks users,8 Karstens Court,Ngunguru,Integer ac leo.,609
939,mesh 24/365 relationships,326 Doe Crossing Trail,Xiniu,,566
940,innovate best-of-breed infomediaries,22941 Sunnyside Place,Khonj,"Fusce congue, diam id ornare imperdiet, sapien urna pretium nisl, ut volutpat sapien arcu sed augue.",52
941,architect revolutionary functionalities,90889 Bellgrove Circle,Rönninge,,264
942,enhance magnetic solutions,7053 Loftsgordon Drive,Marseille,Integer ac leo.,854
943,transform synergistic markets,75219 Milwaukee Place,Santa Ana,,355
944,transform extensible e-tailers,80 Porter Hill,Daba,,303
945,extend global synergies,42075 Darwin Court,Bissorã,,33
946,engage 24/365 web services,78 Lerdahl Way,Al Jarādīyah,"Nunc nisl. Duis bibendum, felis sed interdum venenatis, turpis enim blandit mi, in porttitor pede justo eu massa.",15
947,extend turn-key portals,31 Rusk Junction,Klang,Curabitur convallis. Duis consequat dui nec nisi volutpat eleifend.,389
948,streamline scalable channels,9818 Nelson Parkway,Katrineholm,,620
949,facilitate open-source web services,1945 Park Meadow Court,Walagar,,923
950,recontextualize holistic ROI,15664 Brentwood Way,Obo,,449
951,engineer wireless solutions,20 Hovde Lane,Luna,In quis justo.,477
952,envisioneer magnetic metrics,5 North Avenue,Moses,,547
953,deploy one-to-one ROI,676 Hanover Way,Jastrebarsko,,693
954,brand dynamic systems,2743 Beilfuss Crossing,Hiratachō,,71
955,engage out-of-the-box e-markets,20 Brickson Park Road,Markaz-e Ḩukūmat-e Darwēshān,,927
956,implement visionary deliverables,02 Mendota Street,Gandu,,882
957,transition ubiquitous partnerships,1 Mayer Point,Quận Sáu,,419
958,engage leading-edge channels,86278 Marcy Drive,Mollas,,372
959,revolutionize granular infrastructures,59316 Pleasure Alley,Lubbock,,617
960,deploy integrated channels,77 Heath Hill,Bondokodi,,997
961,engineer proactive infrastructures,90 Northridge Drive,Magisterial,Proin risus. Praesent lectus.,397
962,reintermediate plug-and-play experiences,72626 Valley Edge Terrace,Samal,Quisque id justo sit amet sapien dignissim vestibulum. Vestibulum ante ipsum primis in faucibus orci luctus et ultrices posuere cubilia Curae,412
963,enable cross-media channels,2299 Valley Edge Trail,Songzhuang,,436
964,transform granular experiences,5 Sundown Court,Hunkuyi,"Suspendisse ornare consequat lectus. In est risus, auctor sed, tristique in, tempus sit amet, sem.",502
965,optimize clicks-and-mortar synergies,43 Chinook Terrace,Zaragoza,,101
966,envisioneer e-business supply-chains,51926 Meadow Ridge Junction,Neochóri,Donec quis orci eget orci vehicula condimentum.,709
967,morph revolutionary convergence,1 Ridge Oak Park,Châteauroux,Sed ante. Vivamus tortor.,460
968,grow value-added e-services,237 Glacier Hill Way,San Sebastian,,814
969,productize frictionless convergence,1376 Forest Dale Way,Zhaowanzhuang,,103
970,cultivate mission-critical platforms,124 Kingsford Circle,San Pa Tong,,559
971,aggregate sexy channels,4 Golden Leaf Street,Quiriquire,,154
972,iterate clicks-and-mortar relationships,8210 Canary Terrace,Gryfino,,605
973,engage scalable channels,06 Red Cloud Point,Radom,Ut at dolor quis odio consequat varius.,240
974,productize killer models,09573 Westerfield Plaza,Bourail,,118
975,disintermediate front-end convergence,3 Schlimgen Alley,São Paio de Seide,,341
976,evolve B2B web services,3 Thierer Center,Baganha,Proin at turpis a pede posuere nonummy.,773
977,recontextualize clicks-and-mortar initiatives,3745 Morning Crossing,Xiaoling,,389
978,matrix strategic markets,0 Carpenter Alley,Jiusi,,719
979,e-enable one-to-one vortals,3 Luster Junction,Boa Esperança,Vivamus in felis eu sapien cursus vestibulum. Proin eu mi.,952
980,unleash customized e-tailers,10525 Everett Hill,Áno Kalentíni,,212
981,brand collaborative interfaces,567 Roth Crossing,Barranca de Upía,Nunc nisl.,304
982,synthesize web-enabled interfaces,3790 Kings Park,Koniaków,Quisque porta volutpat erat.,212
983,maximize next-generation markets,40 Graceland Center,Taiping,,429
984,innovate e-business vortals,8 Summerview Alley,Khān Shaykhūn,,208
985,streamline clicks-and-mortar portals,31 Oak Court,Cachí,,585
986,recontextualize web-enabled content,17632 Bartillon Center,Bilje,"Phasellus id sapien in sapien iaculis congue. Vivamus metus arcu, adipiscing molestie, hendrerit at, vulputate vitae, nisl.",354
987,reintermediate robust portals,272 Mosinee Circle,Borovichi,"Fusce lacus purus, aliquet at, feugiat non, pretium quis, lectus. Suspendisse potenti.",35
988,repurpose holistic web services,4587 1st Alley,Komoro,Pellentesque ultrices mattis odio. Donec vitae nisi.,697
989,matrix impactful supply-chains,351 Clarendon Court,Sibay,"In est risus, auctor sed, tristique in, tempus sit amet, sem. Fusce consequat.",996
990,strategize world-class niches,60926 Vahlen Lane,Jiangti,,426
991,incentivize innovative deliverables,2 Riverside Avenue,Nagrog Wetan,"Vestibulum ac est lacinia nisi venenatis tristique. Fusce congue, diam id ornare imperdiet, sapien urna pretium nisl, ut volutpat sapien arcu sed augue.",315
992,incubate end-to-end metrics,935 Oak Center,Bedayutalang,Mauris lacinia sapien quis libero.,92
993,implement clicks-and-mortar paradigms,15337 Walton Avenue,Butere,,941
994,enhance one-to-one paradigms,361 Troy Plaza,Rehnān,,321
995,recontextualize sticky e-markets,361 5th Street,Fukuroi,Maecenas rhoncus aliquam lacus. Morbi quis tortor id nulla ultrices aliquet.,677
996,iterate strategic portals,1 Twin Pines Drive,Tianxin,Vestibulum rutrum rutrum neque. Aenean auctor gravida sem.,662
997,aggregate customized e-commerce,5709 Rieder Road,Baishi,Aliquam non mauris. Morbi non lectus.,350
998,deploy front-end partnerships,977 Thackeray Junction,Genève,,265
999,embrace bleeding-edge portals,90341 Farwell Lane,Calape,,227
