id,title,description,jhi_date,user_id
1,Visionary secondary architecture,,2018-08-01 19:16:53,4
2,Optimized empowering model,,2018-09-06 23:12:05,4
3,Exclusive 6th generation encoding,Curabitur convallis.,2018-08-22 10:40:34,4
4,Mandatory zero tolerance concept,Aliquam erat volutpat.,2018-05-11 05:45:17,4
5,Versatile grid-enabled circuit,Vivamus in felis eu sapien cursus vestibulum.,2018-10-27 04:10:15,4
6,Face to face actuating implementation,Praesent blandit.,2019-04-29 14:06:34,4
7,Monitored high-level product,,2019-04-14 02:06:01,4
8,Profit-focused scalable installation,,2019-02-12 02:27:43,4
9,Organized needs-based challenge,In sagittis dui vel nisl.,2018-10-19 22:25:59,4
10,Cross-platform client-driven utilisation,,2019-04-05 13:38:33,4
11,Stand-alone radical protocol,,2019-02-08 19:35:14,4
12,Realigned systematic budgetary management,Integer non velit.,2018-08-02 14:26:48,4
13,Focused tertiary open system,,2018-10-01 00:42:58,4
14,User-centric transitional function,,2018-08-19 18:05:10,4
15,Virtual content-based concept,Cras non velit nec nisi vulputate nonummy.,2018-05-31 05:56:29,4
16,Proactive leading edge extranet,Curabitur convallis.,2019-04-17 21:42:43,4
17,Customizable uniform capability,,2018-11-05 18:50:49,4
18,Total web-enabled matrices,Proin interdum mauris non ligula pellentesque ultr,2019-03-02 21:24:42,4
19,Advanced eco-centric intranet,,2018-06-01 02:27:20,4
20,Open-source mobile strategy,"Vivamus metus arcu, adipiscing molestie, hendrerit",2019-01-11 05:41:19,4
21,Down-sized dynamic policy,,2019-05-04 10:51:47,4
22,Polarised user-facing migration,,2019-03-30 20:28:17,4
23,Business-focused human-resource moratorium,,2019-05-05 20:32:24,4
24,Programmable multimedia function,,2019-03-08 05:38:51,4
25,Grass-roots high-level internet solution,Phasellus in felis.,2019-03-11 04:15:38,4
26,Enterprise-wide empowering help-desk,,2019-03-23 11:14:18,4
27,Innovative clear-thinking extranet,Cras pellentesque volutpat dui.,2018-08-26 11:11:45,4
28,Synergized real-time success,,2018-06-10 18:39:20,4
29,Networked maximized instruction set,,2019-05-07 08:38:51,4
30,Digitized real-time array,,2019-03-14 06:30:05,4
31,Multi-lateral next generation alliance,,2018-06-11 04:24:17,4
32,Cloned didactic portal,,2019-04-24 03:19:47,4
33,Distributed bottom-line software,,2019-03-10 15:41:52,4
34,Extended multi-tasking toolset,,2018-12-29 22:50:57,4
35,Streamlined national archive,,2018-10-02 01:29:50,4
36,Exclusive mobile approach,Nam dui.,2018-12-11 12:48:34,4
37,Reduced homogeneous open system,Nulla suscipit ligula in lacus.,2018-09-06 01:01:55,4
38,Customer-focused intangible open architecture,Donec vitae nisi.,2018-12-06 23:44:43,4
39,Re-contextualized radical standardization,,2019-01-03 10:13:17,4
40,Enhanced systemic knowledge base,Morbi quis tortor id nulla ultrices aliquet.,2018-08-17 19:40:39,4
41,Mandatory transitional software,,2018-07-31 15:23:46,4
42,Future-proofed well-modulated open system,"Maecenas tristique, est et tempus semper, est quam",2019-03-26 20:52:31,4
43,Triple-buffered multi-tasking service-desk,"Lorem ipsum dolor sit amet, consectetuer adipiscin",2019-02-23 11:36:26,4
44,Grass-roots grid-enabled leverage,,2018-05-22 11:39:23,4
45,Open-architected even-keeled parallelism,Sed vel enim sit amet nunc viverra dapibus.,2018-05-18 15:21:39,4
46,Exclusive object-oriented attitude,In hac habitasse platea dictumst.,2019-04-09 00:55:31,4
47,Managed non-volatile projection,,2019-04-13 21:04:28,4
48,Automated grid-enabled encryption,,2018-11-12 06:53:42,4
49,Networked neutral neural-net,"Morbi vestibulum, velit id pretium iaculis, diam e",2018-06-16 15:50:56,4
50,Synergized background methodology,,2019-04-01 08:46:12,4
51,Networked motivating focus group,,2019-05-10 15:52:45,4
52,Assimilated well-modulated focus group,,2018-07-19 16:18:00,4
53,Versatile mobile capability,,2018-06-01 19:02:42,4
54,Upgradable coherent strategy,"Morbi odio odio, elementum eu, interdum eu, tincid",2018-12-16 15:31:33,4
55,Progressive tangible collaboration,Nulla suscipit ligula in lacus.,2018-11-08 09:28:21,4
56,Integrated executive definition,Curabitur gravida nisi at nibh.,2019-04-10 16:24:47,4
57,Operative 6th generation process improvement,"Morbi sem mauris, laoreet ut, rhoncus aliquet, pul",2018-07-15 23:22:47,4
58,Pre-emptive didactic ability,Vestibulum ante ipsum primis in faucibus orci luct,2019-04-16 00:36:47,4
59,Monitored logistical secured line,,2018-11-15 13:51:08,4
60,Team-oriented zero defect hardware,,2018-07-09 15:47:36,4
61,Re-engineered clear-thinking methodology,,2018-10-26 22:33:38,4
62,Team-oriented 24 hour hardware,,2018-11-05 01:15:32,4
63,Optimized leading edge Graphic Interface,"Quisque erat eros, viverra eget, congue eget, semp",2018-05-17 06:04:49,4
64,Visionary zero defect toolset,,2019-05-02 21:57:15,4
65,Devolved 3rd generation pricing structure,Curabitur at ipsum ac tellus semper interdum.,2019-04-21 13:24:58,4
66,Team-oriented cohesive service-desk,,2018-07-08 02:03:10,4
67,Proactive context-sensitive core,,2018-12-30 00:36:08,4
68,Intuitive 5th generation analyzer,Pellentesque at nulla.,2018-09-08 06:01:45,4
69,Universal global framework,,2019-01-13 09:15:17,4
70,Cloned 24/7 local area network,,2018-12-18 08:45:56,4
71,Secured zero administration array,Aliquam sit amet diam in magna bibendum imperdiet.,2018-07-10 17:24:13,4
72,Devolved composite definition,Duis mattis egestas metus.,2019-02-28 22:48:02,4
73,Compatible 6th generation portal,,2018-11-20 09:03:16,4
74,Managed tangible open architecture,,2018-09-17 03:43:00,4
75,Up-sized holistic parallelism,,2019-01-31 04:01:18,4
76,Advanced bandwidth-monitored support,Integer ac neque.,2019-01-16 06:27:54,4
77,Expanded incremental product,Sed ante.,2019-03-09 17:29:44,4
78,User-friendly systematic monitoring,Nulla justo.,2018-05-27 16:35:55,4
79,Focused background contingency,,2019-02-04 07:29:13,4
80,Polarised motivating productivity,,2018-07-29 18:01:13,4
81,Synchronised content-based flexibility,Duis ac nibh.,2018-12-01 23:04:43,4
82,Quality-focused contextually-based interface,Aliquam quis turpis eget elit sodales scelerisque.,2019-03-27 14:49:35,4
83,Secured dedicated analyzer,,2018-11-11 21:00:15,4
84,Cloned didactic open system,Aenean lectus.,2019-01-20 00:16:44,4
85,Team-oriented reciprocal process improvement,,2018-08-22 07:23:15,4
86,Progressive client-server hardware,,2018-10-07 08:50:58,4
87,Automated well-modulated contingency,Cras in purus eu magna vulputate luctus.,2018-10-17 11:36:17,4
88,Inverse reciprocal product,Aenean lectus.,2018-12-25 16:00:09,4
89,Customizable user-facing algorithm,In blandit ultrices enim.,2019-04-04 22:27:07,4
90,Cross-platform needs-based internet solution,,2019-02-03 00:53:25,4
91,Managed client-driven local area network,,2019-01-23 16:06:09,4
92,Reverse-engineered user-facing system engine,,2018-10-12 15:03:27,4
93,Object-based encompassing software,Aenean sit amet justo.,2019-03-17 07:42:55,4
94,Multi-channelled bifurcated open system,Sed vel enim sit amet nunc viverra dapibus.,2019-03-17 07:14:44,4
95,Customizable composite circuit,,2018-07-16 20:31:40,4
96,Seamless uniform core,Nulla mollis molestie lorem.,2018-11-19 14:21:01,4
97,Switchable bifurcated system engine,Duis consequat dui nec nisi volutpat eleifend.,2018-10-31 02:27:45,4
98,Multi-tiered even-keeled toolset,,2018-12-17 01:32:14,4
99,Organic coherent strategy,"Lorem ipsum dolor sit amet, consectetuer adipiscin",2018-11-25 08:02:12,4
100,Secured asymmetric archive,Aenean sit amet justo.,2018-11-15 03:22:25,4
101,Mandatory systematic monitoring,Ut at dolor quis odio consequat varius.,2018-10-11 05:33:31,4
102,Profound analyzing service-desk,,2018-07-19 14:37:31,4
103,Persevering transitional structure,,2018-12-10 06:20:22,4
104,Polarised fresh-thinking process improvement,,2019-04-10 04:57:03,4
105,Public-key zero administration core,,2018-06-16 22:04:49,4
106,Extended object-oriented capability,,2018-07-24 23:24:43,4
107,Synergistic responsive leverage,,2019-01-15 06:54:38,4
108,Reduced tertiary benchmark,Duis aliquam convallis nunc.,2019-02-06 10:18:52,4
109,Multi-tiered systematic access,,2019-02-14 23:26:37,4
110,Intuitive explicit frame,,2019-02-01 23:47:03,4
111,Distributed contextually-based knowledge base,,2019-03-26 16:41:22,4
112,Right-sized zero tolerance infrastructure,Suspendisse potenti.,2018-09-04 19:58:53,4
113,Open-architected optimizing superstructure,Sed ante.,2018-12-17 02:49:44,4
114,Cross-group real-time approach,,2019-01-01 11:22:03,4
115,Innovative multi-tasking knowledge base,,2018-06-26 08:39:15,4
116,Managed 4th generation alliance,Suspendisse ornare consequat lectus.,2019-01-15 06:06:28,4
117,Focused actuating workforce,Suspendisse potenti.,2018-08-17 20:47:38,4
118,Re-contextualized hybrid matrix,,2018-08-08 22:37:13,4
119,Operative dedicated policy,Maecenas tincidunt lacus at velit.,2018-10-09 13:43:38,4
120,Progressive client-driven monitoring,,2018-09-30 04:26:45,4
121,Diverse local flexibility,Nunc purus.,2018-07-21 14:00:51,4
122,Adaptive optimal installation,,2018-12-09 20:23:41,4
123,Profound clear-thinking encryption,"Fusce lacus purus, aliquet at, feugiat non, pretiu",2019-01-20 18:45:54,4
124,Distributed optimal toolset,,2018-08-22 22:51:40,4
125,Virtual methodical policy,"Proin leo odio, porttitor id, consequat in, conseq",2018-12-14 23:02:40,4
126,Profit-focused coherent frame,,2018-09-17 00:20:27,4
127,Persevering composite complexity,"Nam congue, risus semper porta volutpat, quam pede",2018-12-01 17:41:12,4
128,Universal asymmetric hierarchy,"Aliquam augue quam, sollicitudin vitae, consectetu",2018-06-03 03:59:28,4
129,Vision-oriented tangible collaboration,,2018-10-13 06:52:02,4
130,Compatible optimal extranet,,2018-09-20 13:12:54,4
131,Organized leading edge application,,2018-08-05 20:22:28,4
132,Advanced empowering time-frame,Quisque porta volutpat erat.,2018-09-23 17:01:39,4
133,Innovative well-modulated alliance,,2018-06-05 11:31:34,4
134,Total systematic throughput,Etiam vel augue.,2018-06-24 12:02:48,4
135,Open-source responsive moratorium,Aenean auctor gravida sem.,2018-09-11 03:24:19,4
136,Extended web-enabled frame,Nunc rhoncus dui vel sem.,2019-04-03 15:28:34,4
137,Down-sized holistic product,,2019-03-06 04:52:24,4
138,Automated actuating open system,Praesent blandit.,2018-07-08 08:09:58,4
139,Assimilated high-level intranet,,2018-11-16 11:18:36,4
140,Diverse full-range moratorium,,2018-06-24 07:23:01,4
141,Reverse-engineered stable approach,"Donec diam neque, vestibulum eget, vulputate ut, u",2019-02-01 14:34:04,4
142,Customizable fault-tolerant protocol,,2018-11-28 05:52:07,4
143,Secured real-time core,,2019-05-08 02:18:23,4
144,User-centric empowering hardware,Duis mattis egestas metus.,2019-03-09 08:03:24,4
145,Cross-group exuding leverage,Etiam pretium iaculis justo.,2019-04-12 02:53:40,4
146,Fully-configurable zero defect superstructure,,2019-03-18 14:40:42,4
147,Quality-focused bi-directional function,Praesent lectus.,2019-04-02 09:08:31,4
148,Customizable modular infrastructure,,2018-05-17 05:18:26,4
149,Fully-configurable coherent array,"Quisque arcu libero, rutrum ac, lobortis vel, dapi",2019-03-30 10:52:14,4
150,Customizable coherent projection,Proin risus.,2019-02-19 15:23:30,4
151,De-engineered composite analyzer,"Donec diam neque, vestibulum eget, vulputate ut, u",2019-01-17 11:45:41,4
152,Reverse-engineered homogeneous open system,,2018-12-21 09:25:58,4
153,Expanded intangible software,,2019-03-14 07:03:55,4
154,User-centric exuding initiative,,2018-12-15 15:43:35,4
155,Down-sized neutral framework,,2019-03-16 05:49:11,4
156,Innovative analyzing access,,2018-09-02 15:45:43,4
157,Cross-group asynchronous ability,,2018-10-22 19:50:05,4
158,Public-key homogeneous function,,2018-10-13 22:31:24,4
159,Re-contextualized cohesive flexibility,,2019-04-14 05:47:42,4
160,Managed bi-directional middleware,,2018-09-27 06:37:30,4
161,Advanced modular neural-net,Suspendisse potenti.,2018-06-27 00:23:27,4
162,Grass-roots motivating archive,,2018-09-13 10:20:09,4
163,Integrated empowering policy,,2019-04-22 05:33:39,4
164,Robust web-enabled extranet,Phasellus sit amet erat.,2019-01-23 13:20:20,4
165,Total real-time array,,2018-11-17 02:25:02,4
166,Team-oriented multi-state moratorium,Suspendisse potenti.,2018-12-29 16:31:24,4
167,Balanced incremental initiative,Nulla tempus.,2018-06-04 23:28:07,4
168,Business-focused composite standardization,Aliquam non mauris.,2018-05-12 04:23:29,4
169,Synchronised object-oriented frame,,2018-06-06 09:08:42,4
170,Polarised mobile approach,,2019-03-05 08:57:02,4
171,Synergistic 6th generation process improvement,,2018-08-06 21:03:56,4
172,Universal systematic matrices,Aenean sit amet justo.,2019-04-07 21:35:56,4
173,Assimilated next generation archive,Phasellus id sapien in sapien iaculis congue.,2018-08-03 13:15:29,4
174,Realigned asynchronous projection,,2018-12-23 07:10:49,4
175,Robust national definition,,2019-03-09 22:52:12,4
176,Decentralized value-added policy,Fusce consequat.,2018-05-20 14:00:40,4
177,Digitized optimizing service-desk,,2019-04-21 04:48:41,4
178,Multi-lateral even-keeled product,,2018-11-30 02:56:57,4
179,Object-based coherent portal,,2018-10-23 16:53:00,4
180,Cloned tangible secured line,,2019-05-04 15:56:38,4
181,Operative systemic neural-net,Nulla suscipit ligula in lacus.,2019-03-14 15:26:41,4
182,Expanded cohesive groupware,,2018-10-10 03:23:21,4
183,Reverse-engineered asymmetric data-warehouse,Suspendisse potenti.,2018-11-12 16:52:09,4
184,Triple-buffered tangible neural-net,Donec quis orci eget orci vehicula condimentum.,2019-02-13 01:03:06,4
185,Profound analyzing product,"Nam ultrices, libero non mattis pulvinar, nulla pe",2018-07-10 15:02:36,4
186,Front-line multi-tasking artificial intelligence,,2018-10-08 06:46:42,4
187,Multi-lateral foreground project,In hac habitasse platea dictumst.,2019-03-24 20:40:07,4
188,Assimilated optimal hub,,2019-01-03 20:41:31,4
189,Distributed background utilisation,,2018-10-07 23:15:07,4
190,Assimilated bottom-line forecast,,2018-06-27 21:25:32,4
191,De-engineered even-keeled interface,Cum sociis natoque penatibus et magnis dis parturi,2018-09-07 19:52:19,4
192,Reverse-engineered actuating flexibility,Phasellus in felis.,2018-10-12 17:33:55,4
193,Persistent motivating migration,Mauris sit amet eros.,2018-07-21 02:23:21,4
194,Distributed explicit focus group,,2019-02-24 11:06:21,4
195,Diverse high-level alliance,,2018-12-27 17:52:00,4
196,Switchable didactic artificial intelligence,,2018-08-13 09:27:53,4
197,Exclusive client-driven algorithm,"Nulla neque libero, convallis eget, eleifend luctu",2019-04-08 12:59:17,4
198,Polarised reciprocal protocol,Donec posuere metus vitae ipsum.,2018-09-01 04:30:01,4
199,Extended heuristic success,Nulla tempus.,2018-09-18 22:37:10,4
200,Implemented 24 hour challenge,,2018-08-11 15:33:38,4
201,Synchronised intangible website,,2019-01-10 23:58:49,4
202,Self-enabling multi-state focus group,,2018-07-06 09:30:28,4
203,User-centric 24/7 productivity,,2018-10-21 17:30:10,4
204,Self-enabling bandwidth-monitored budgetary management,,2018-11-26 21:33:36,4
205,Optional analyzing flexibility,,2019-01-30 17:51:20,4
206,Open-source solution-oriented approach,Mauris sit amet eros.,2018-05-17 12:27:45,4
207,Versatile needs-based capability,Nunc purus.,2018-08-19 22:06:29,4
208,Sharable grid-enabled intranet,,2018-08-23 23:00:05,4
209,Organized bottom-line capability,,2018-05-28 04:25:14,4
210,Integrated responsive collaboration,,2018-12-01 21:14:25,4
211,Customizable context-sensitive hierarchy,,2018-09-15 00:16:50,4
212,Focused national capacity,,2018-09-05 05:50:37,4
213,Networked high-level info-mediaries,,2018-05-12 17:37:41,4
214,Phased global definition,"Maecenas leo odio, condimentum id, luctus nec, mol",2018-07-28 08:41:03,4
215,Realigned uniform initiative,,2019-01-12 06:51:26,4
216,Reduced 4th generation adapter,,2018-11-13 04:54:06,4
217,Distributed demand-driven hub,,2018-10-10 05:38:10,4
218,Expanded zero administration collaboration,,2018-08-19 20:39:12,4
219,Configurable scalable challenge,,2019-04-19 06:23:23,4
220,Advanced modular info-mediaries,Morbi quis tortor id nulla ultrices aliquet.,2018-11-28 12:05:49,4
221,Business-focused value-added Graphical User Interface,"Morbi sem mauris, laoreet ut, rhoncus aliquet, pul",2018-10-18 12:57:12,4
222,Automated needs-based monitoring,Nam dui.,2019-01-14 15:06:17,4
223,Function-based interactive projection,Proin eu mi.,2018-09-16 21:14:15,4
224,Integrated attitude-oriented groupware,Curabitur in libero ut massa volutpat convallis.,2018-10-30 03:46:23,4
225,Synergistic client-driven protocol,Donec posuere metus vitae ipsum.,2018-07-09 09:36:56,4
226,Reactive client-server standardization,Morbi quis tortor id nulla ultrices aliquet.,2019-01-31 21:11:50,4
227,Team-oriented reciprocal moderator,Etiam vel augue.,2018-10-24 09:18:06,4
228,Advanced executive forecast,Aliquam non mauris.,2018-08-12 15:23:22,4
229,Object-based mission-critical forecast,,2019-01-16 08:35:22,4
230,Up-sized bifurcated intranet,,2018-12-20 15:15:12,4
231,Multi-tiered mobile methodology,Duis mattis egestas metus.,2018-09-15 14:23:45,4
232,Re-engineered demand-driven algorithm,Vestibulum sed magna at nunc commodo placerat.,2019-03-22 12:55:33,4
233,Synergized 4th generation monitoring,Suspendisse potenti.,2019-02-12 20:53:54,4
234,Universal zero administration alliance,,2018-08-08 20:25:05,4
235,Cross-group bottom-line Graphic Interface,"Morbi vestibulum, velit id pretium iaculis, diam e",2018-09-29 14:43:16,4
236,Universal stable policy,Curabitur convallis.,2019-02-26 15:27:56,4
237,Sharable fresh-thinking implementation,Suspendisse ornare consequat lectus.,2018-09-17 05:45:08,4
238,Universal multimedia conglomeration,,2018-06-18 07:02:02,4
239,Innovative multi-state website,,2019-01-14 03:02:23,4
240,Robust bi-directional protocol,"Morbi odio odio, elementum eu, interdum eu, tincid",2018-11-28 03:23:40,4
241,Enterprise-wide multi-tasking knowledge base,,2018-05-30 15:54:07,4
242,Ergonomic exuding extranet,Integer tincidunt ante vel ipsum.,2019-02-20 12:58:38,4
243,Monitored client-server complexity,,2019-04-08 12:25:55,4
244,Reduced demand-driven core,Nulla ut erat id mauris vulputate elementum.,2018-08-04 06:07:30,4
245,User-friendly encompassing middleware,,2018-09-15 09:05:06,4
246,Synergistic modular solution,Sed ante.,2018-07-13 17:37:16,4
247,Expanded needs-based attitude,,2018-09-25 16:28:01,4
248,Reactive contextually-based open architecture,Mauris ullamcorper purus sit amet nulla.,2018-10-11 16:28:22,4
249,Organized zero administration analyzer,Duis mattis egestas metus.,2019-04-22 11:56:45,4
250,De-engineered actuating workforce,,2018-07-25 22:44:50,4
251,Enterprise-wide leading edge neural-net,Pellentesque eget nunc.,2018-09-16 04:27:53,4
252,Polarised object-oriented success,,2018-12-18 12:39:48,4
253,Integrated uniform definition,Phasellus sit amet erat.,2018-06-02 23:52:52,4
254,De-engineered user-facing focus group,,2018-07-08 08:45:04,4
255,Proactive responsive data-warehouse,,2019-02-25 18:45:17,4
256,Pre-emptive solution-oriented help-desk,Suspendisse accumsan tortor quis turpis.,2018-11-30 12:48:41,4
257,Switchable global infrastructure,,2019-01-23 05:53:08,4
258,Switchable hybrid framework,Phasellus id sapien in sapien iaculis congue.,2018-09-10 00:33:25,4
259,Realigned intangible alliance,Nullam varius.,2019-04-02 03:01:48,4
260,Ameliorated 6th generation approach,Ut at dolor quis odio consequat varius.,2018-06-13 14:13:18,4
261,Focused needs-based definition,"Quisque arcu libero, rutrum ac, lobortis vel, dapi",2018-11-05 15:01:37,4
262,Multi-lateral global service-desk,,2018-11-27 11:05:05,4
263,Cross-platform neutral projection,Pellentesque eget nunc.,2018-12-31 11:54:34,4
264,Multi-lateral zero defect open architecture,Nulla tellus.,2019-04-09 00:10:23,4
265,User-centric heuristic attitude,,2018-06-29 07:40:15,4
266,Ergonomic object-oriented customer loyalty,,2019-04-23 21:33:12,4
267,Virtual well-modulated complexity,,2018-06-21 02:07:46,4
268,Decentralized directional infrastructure,,2019-02-05 22:49:55,4
269,Business-focused uniform matrix,Nunc purus.,2019-03-12 07:13:35,4
270,Team-oriented radical middleware,Vestibulum ante ipsum primis in faucibus orci luct,2018-11-09 09:41:42,4
271,Optional explicit alliance,,2019-01-08 09:14:36,4
272,Visionary logistical challenge,Nulla nisl.,2018-12-21 02:23:54,4
273,Monitored 3rd generation capability,,2018-07-04 02:40:35,4
274,Ergonomic upward-trending complexity,,2018-07-11 08:00:31,4
275,Upgradable object-oriented policy,,2018-09-06 04:06:57,4
276,Virtual empowering artificial intelligence,,2018-08-29 15:52:02,4
277,Digitized intermediate matrices,Nulla suscipit ligula in lacus.,2018-07-23 21:12:55,4
278,Visionary tangible conglomeration,Cras non velit nec nisi vulputate nonummy.,2018-10-31 17:52:01,4
279,Up-sized executive definition,,2018-12-30 13:41:10,4
280,Programmable background utilisation,"Lorem ipsum dolor sit amet, consectetuer adipiscin",2018-12-31 15:08:03,4
281,Integrated holistic info-mediaries,,2018-11-01 15:02:47,4
282,Re-engineered full-range functionalities,,2018-06-18 15:59:00,4
283,Digitized explicit leverage,,2019-03-21 15:05:06,4
284,Optional bi-directional complexity,,2018-08-08 19:22:35,4
285,Reverse-engineered system-worthy service-desk,,2018-09-25 22:09:47,4
286,Reactive 5th generation function,,2019-04-05 17:09:30,4
287,Expanded holistic service-desk,,2018-11-09 07:13:55,4
288,Re-contextualized mission-critical adapter,,2019-01-29 17:45:46,4
289,User-centric responsive solution,Aenean auctor gravida sem.,2019-01-09 23:45:00,4
290,Decentralized object-oriented focus group,"Fusce lacus purus, aliquet at, feugiat non, pretiu",2018-06-26 06:39:36,4
291,Intuitive fault-tolerant archive,In congue.,2019-02-23 07:42:03,4
292,Open-source asynchronous software,"Integer pede justo, lacinia eget, tincidunt eget, ",2018-05-17 03:48:27,4
293,Polarised intermediate model,,2018-12-01 22:42:44,4
294,Centralized high-level project,,2018-05-13 20:27:02,4
295,Reverse-engineered well-modulated matrices,"In tempor, turpis nec euismod scelerisque, quam tu",2018-07-02 06:38:17,4
296,Enhanced 6th generation budgetary management,,2018-12-31 03:46:26,4
297,Multi-channelled scalable contingency,,2019-04-13 23:58:12,4
298,Monitored optimal process improvement,"Fusce congue, diam id ornare imperdiet, sapien urn",2018-09-18 07:11:31,4
299,Focused human-resource local area network,,2019-01-29 14:41:43,4
300,Mandatory real-time firmware,,2019-03-26 18:32:04,4
301,Self-enabling hybrid array,"Maecenas leo odio, condimentum id, luctus nec, mol",2019-04-06 08:52:36,4
302,Profit-focused full-range open architecture,,2019-05-04 06:54:42,4
303,Right-sized holistic installation,,2018-12-26 14:06:36,4
304,Multi-lateral optimal open architecture,Sed accumsan felis.,2019-01-18 11:33:51,4
305,Customizable homogeneous methodology,,2019-04-06 13:24:51,4
306,Compatible disintermediate open architecture,,2018-05-14 18:01:38,4
307,Function-based radical hardware,"Maecenas tristique, est et tempus semper, est quam",2019-04-20 23:06:08,4
308,Enterprise-wide multimedia synergy,,2019-01-21 05:51:35,4
309,Triple-buffered bandwidth-monitored superstructure,"Integer pede justo, lacinia eget, tincidunt eget, ",2019-02-23 08:59:05,4
310,Open-architected 24 hour architecture,"In tempor, turpis nec euismod scelerisque, quam tu",2018-05-19 10:53:57,4
311,Re-contextualized national toolset,,2018-12-13 09:07:19,4
312,Devolved local neural-net,,2019-03-24 20:12:47,4
313,Cross-group systemic circuit,,2018-07-25 13:03:58,4
314,Open-architected eco-centric algorithm,,2019-02-09 10:22:38,4
315,Seamless needs-based protocol,,2018-09-20 19:14:22,4
316,Synergized upward-trending internet solution,,2018-10-24 00:00:11,4
317,Vision-oriented directional policy,,2018-10-07 10:52:48,4
318,Stand-alone non-volatile toolset,,2018-12-29 18:16:48,4
319,Quality-focused client-server implementation,,2018-11-18 15:55:32,4
320,Persevering motivating complexity,,2019-04-27 01:11:26,4
321,Optional zero administration framework,,2018-07-14 07:29:28,4
322,Multi-layered asymmetric algorithm,Aenean sit amet justo.,2018-05-17 00:53:11,4
323,Adaptive human-resource protocol,,2018-09-17 23:02:32,4
324,Re-engineered value-added policy,,2019-05-07 11:39:27,4
325,Business-focused 24 hour moderator,,2018-07-08 20:16:41,4
326,Business-focused high-level frame,,2018-06-12 08:56:55,4
327,Reduced leading edge leverage,Vivamus vestibulum sagittis sapien.,2018-06-01 04:26:16,4
328,Pre-emptive national archive,Morbi a ipsum.,2018-07-09 12:00:15,4
329,Open-source even-keeled model,Etiam pretium iaculis justo.,2019-03-28 19:40:32,4
330,Balanced contextually-based archive,,2018-07-07 23:43:12,4
331,Customer-focused dynamic implementation,Suspendisse potenti.,2018-11-03 13:08:52,4
332,Quality-focused coherent approach,Nulla ac enim.,2018-08-12 02:38:58,4
333,Sharable background definition,"Nam congue, risus semper porta volutpat, quam pede",2018-06-17 19:31:26,4
334,Horizontal systemic flexibility,,2018-07-20 21:11:39,4
335,Fully-configurable solution-oriented application,,2018-11-14 08:07:07,4
336,Implemented actuating array,Duis aliquam convallis nunc.,2019-04-09 13:19:47,4
337,Multi-channelled dedicated productivity,Nulla ut erat id mauris vulputate elementum.,2018-07-18 10:19:11,4
338,Balanced bottom-line Graphic Interface,Praesent blandit lacinia erat.,2018-10-31 03:51:16,4
339,Organized mobile data-warehouse,Nulla tempus.,2018-07-10 22:43:49,4
340,Visionary client-server emulation,Duis ac nibh.,2019-04-19 14:05:07,4
341,Persistent maximized middleware,,2018-05-24 11:37:58,4
342,Self-enabling upward-trending projection,,2018-11-18 15:54:45,4
343,Face to face zero defect capability,Aenean fermentum.,2019-03-20 06:37:43,4
344,Profit-focused optimal architecture,,2018-07-13 19:55:35,4
345,Ameliorated logistical throughput,"In tempor, turpis nec euismod scelerisque, quam tu",2018-07-25 04:08:50,4
346,Inverse user-facing internet solution,Nam nulla.,2018-09-18 04:13:22,4
347,Horizontal methodical infrastructure,Nulla nisl.,2018-09-09 23:32:45,4
348,Open-architected foreground open system,"Nullam orci pede, venenatis non, sodales sed, tinc",2018-08-27 14:08:13,4
349,Cross-group uniform protocol,,2019-03-02 02:39:47,4
350,Distributed bottom-line project,Mauris lacinia sapien quis libero.,2018-11-12 00:36:30,4
351,Extended empowering paradigm,,2019-04-09 12:05:06,4
352,Expanded user-facing encryption,Donec semper sapien a libero.,2019-04-03 23:10:17,4
353,Down-sized hybrid challenge,"Morbi vestibulum, velit id pretium iaculis, diam e",2018-12-19 21:42:21,4
354,Adaptive mobile alliance,Nullam sit amet turpis elementum ligula vehicula c,2019-05-09 13:35:08,4
355,Multi-layered needs-based workforce,In blandit ultrices enim.,2019-02-06 16:21:45,4
356,Pre-emptive tangible instruction set,,2018-08-30 22:59:40,4
357,Reduced bi-directional Graphical User Interface,,2019-04-20 06:12:47,4
358,Vision-oriented bifurcated hierarchy,,2018-07-06 05:17:25,4
359,De-engineered hybrid infrastructure,,2018-12-11 21:48:18,4
360,Total 5th generation archive,Suspendisse accumsan tortor quis turpis.,2018-05-29 04:45:36,4
361,Customer-focused 5th generation neural-net,Fusce consequat.,2018-09-07 04:58:06,4
362,Decentralized asynchronous portal,,2018-10-25 01:43:54,4
363,Versatile bi-directional synergy,Quisque porta volutpat erat.,2019-03-05 11:41:44,4
364,Customizable 24/7 extranet,Aenean sit amet justo.,2019-04-10 16:34:23,4
365,Diverse transitional local area network,,2019-03-29 07:29:51,4
366,Digitized context-sensitive migration,Nulla ut erat id mauris vulputate elementum.,2018-10-10 18:29:40,4
367,Open-source content-based website,"Cras mi pede, malesuada in, imperdiet et, commodo ",2018-08-04 19:30:02,4
368,Progressive directional core,,2019-03-28 03:24:58,4
369,Fully-configurable foreground matrices,Nam tristique tortor eu pede.,2019-02-16 18:23:17,4
370,Ergonomic 24/7 installation,,2019-04-13 22:58:56,4
371,Public-key leading edge frame,,2018-05-29 22:36:59,4
372,Extended maximized throughput,,2018-09-13 19:43:21,4
373,Synchronised heuristic matrix,,2018-12-30 22:10:19,4
374,Synchronised optimal encoding,,2018-09-08 10:24:35,4
375,Self-enabling impactful productivity,,2018-08-03 00:05:18,4
376,Extended client-server knowledge user,,2018-12-14 08:40:44,4
377,Object-based eco-centric alliance,,2018-05-13 10:27:41,4
378,Extended solution-oriented moratorium,"Integer aliquet, massa id lobortis convallis, tort",2018-06-11 02:19:53,4
379,Adaptive dedicated solution,,2018-12-10 15:58:26,4
380,Up-sized asymmetric attitude,Proin at turpis a pede posuere nonummy.,2018-12-19 17:13:26,4
381,Switchable zero defect middleware,"Integer pede justo, lacinia eget, tincidunt eget, ",2018-07-24 17:33:42,4
382,Devolved human-resource hardware,In hac habitasse platea dictumst.,2019-03-08 02:42:01,4
383,Programmable mobile local area network,Morbi non quam nec dui luctus rutrum.,2018-09-22 00:25:38,4
384,Profit-focused empowering knowledge base,,2019-02-27 09:19:35,4
385,Enhanced context-sensitive function,Nulla suscipit ligula in lacus.,2018-10-08 01:24:17,4
386,Focused scalable protocol,,2019-02-21 15:15:08,4
387,Exclusive asymmetric Graphic Interface,,2019-05-07 00:31:42,4
388,Seamless composite projection,,2018-08-07 00:19:12,4
389,Advanced upward-trending service-desk,Quisque porta volutpat erat.,2018-12-03 05:22:55,4
390,Robust grid-enabled secured line,,2018-08-26 17:37:42,4
391,Stand-alone attitude-oriented open architecture,,2018-06-22 09:01:41,4
392,Progressive actuating instruction set,,2019-03-24 01:17:05,4
393,Down-sized empowering leverage,,2018-08-20 20:25:07,4
394,Business-focused mobile concept,Vestibulum ante ipsum primis in faucibus orci luct,2018-09-27 13:06:29,4
395,Synergistic system-worthy interface,,2018-08-07 23:32:08,4
396,Stand-alone optimizing capacity,In sagittis dui vel nisl.,2019-02-22 09:55:37,4
397,Right-sized 4th generation initiative,,2018-09-07 18:09:16,4
398,Digitized explicit initiative,Cras in purus eu magna vulputate luctus.,2019-01-10 05:54:24,4
399,Fully-configurable multi-tasking policy,,2019-03-02 19:16:50,4
400,Mandatory 4th generation local area network,,2018-05-18 05:15:05,4
401,Function-based directional hierarchy,,2019-01-26 03:47:03,4
402,Reactive non-volatile interface,,2018-06-28 04:52:56,4
403,Managed discrete capacity,Maecenas ut massa quis augue luctus tincidunt.,2018-09-30 17:30:12,4
404,Grass-roots radical Graphic Interface,"Lorem ipsum dolor sit amet, consectetuer adipiscin",2018-10-24 05:05:06,4
405,Devolved zero tolerance firmware,"Nulla neque libero, convallis eget, eleifend luctu",2018-06-26 05:02:32,4
406,Balanced multimedia customer loyalty,Proin interdum mauris non ligula pellentesque ultr,2019-01-26 23:35:43,4
407,Multi-lateral reciprocal archive,,2018-10-18 04:54:46,4
408,Advanced system-worthy array,,2018-06-19 04:47:54,4
409,Synchronised clear-thinking support,,2018-11-28 03:42:01,4
410,Polarised upward-trending array,Nunc purus.,2019-01-14 22:34:58,4
411,Phased asymmetric Graphical User Interface,Morbi non quam nec dui luctus rutrum.,2019-05-06 22:26:44,4
412,Adaptive intermediate utilisation,,2018-08-08 23:38:34,4
413,Reduced web-enabled budgetary management,,2019-01-20 14:51:28,4
414,Object-based well-modulated moratorium,,2018-11-21 11:43:36,4
415,Cross-group motivating archive,Duis consequat dui nec nisi volutpat eleifend.,2018-12-03 10:14:52,4
416,Front-line fresh-thinking secured line,In blandit ultrices enim.,2018-06-21 11:19:13,4
417,Compatible hybrid productivity,Nunc purus.,2019-04-12 13:44:30,4
418,Focused fault-tolerant monitoring,,2019-04-28 16:51:50,4
419,Down-sized methodical initiative,Nunc purus.,2018-05-24 23:43:27,4
420,Polarised global infrastructure,Vestibulum ante ipsum primis in faucibus orci luct,2018-08-21 18:56:35,4
421,Compatible multimedia policy,,2018-08-19 12:45:51,4
422,Exclusive optimal capability,"Duis bibendum, felis sed interdum venenatis, turpi",2018-05-21 18:20:15,4
423,Front-line executive core,,2019-01-21 08:25:35,4
424,Open-source zero administration pricing structure,Aliquam quis turpis eget elit sodales scelerisque.,2018-10-09 15:02:08,4
425,Quality-focused heuristic concept,,2019-01-31 04:28:58,4
426,Function-based stable archive,,2018-11-18 13:46:21,4
427,Triple-buffered well-modulated pricing structure,,2018-07-06 19:44:50,4
428,Fully-configurable attitude-oriented customer loyalty,Morbi a ipsum.,2019-01-17 01:04:43,4
429,Function-based needs-based model,,2019-04-21 18:20:55,4
430,Monitored empowering hub,,2018-10-31 20:15:05,4
431,Enterprise-wide context-sensitive initiative,Nulla tellus.,2018-12-22 08:07:19,4
432,Enhanced mobile Graphic Interface,Mauris lacinia sapien quis libero.,2018-10-03 04:46:31,4
433,Robust secondary instruction set,,2019-02-12 10:18:47,4
434,Configurable grid-enabled adapter,Phasellus in felis.,2019-03-20 01:50:48,4
435,Object-based object-oriented middleware,Vivamus in felis eu sapien cursus vestibulum.,2019-03-27 04:02:50,4
436,Persevering global encoding,,2018-12-11 03:20:24,4
437,Synergistic logistical project,,2018-09-26 22:11:46,4
438,Multi-layered discrete focus group,,2018-08-20 10:28:10,4
439,Organized composite application,,2019-04-21 15:19:51,4
440,Distributed client-driven open architecture,,2019-01-29 20:27:45,4
441,Integrated upward-trending intranet,Ut at dolor quis odio consequat varius.,2018-05-23 22:15:40,4
442,Configurable systemic hardware,,2019-03-21 09:12:15,4
443,Right-sized holistic system engine,Maecenas rhoncus aliquam lacus.,2018-08-02 17:18:23,4
444,Business-focused multi-state functionalities,Sed accumsan felis.,2018-10-19 16:38:27,4
445,Proactive context-sensitive Graphic Interface,,2018-09-30 02:08:45,4
446,Adaptive system-worthy software,,2019-03-15 12:50:51,4
447,Pre-emptive analyzing capability,,2018-08-31 06:57:21,4
448,Assimilated dynamic access,,2019-04-20 06:09:38,4
449,Profound needs-based definition,,2018-08-13 09:45:08,4
450,Stand-alone intermediate challenge,,2018-11-16 11:13:05,4
451,Operative clear-thinking capability,,2018-05-21 21:29:37,4
452,Total composite core,,2018-08-02 22:07:32,4
453,Focused non-volatile firmware,,2018-07-12 00:09:45,4
454,Organized bi-directional solution,Proin risus.,2018-05-15 21:45:24,4
455,Ergonomic composite matrices,Curabitur in libero ut massa volutpat convallis.,2019-03-05 04:16:20,4
456,Realigned regional intranet,Maecenas pulvinar lobortis est.,2019-03-06 21:12:38,4
457,Cloned fault-tolerant middleware,,2018-06-10 09:23:39,4
458,Front-line contextually-based knowledge user,,2018-06-08 19:24:10,4
459,Sharable coherent monitoring,Proin at turpis a pede posuere nonummy.,2018-05-15 16:10:33,4
460,Team-oriented dedicated local area network,Vestibulum rutrum rutrum neque.,2018-11-20 19:10:39,4
461,User-centric object-oriented instruction set,"Aliquam augue quam, sollicitudin vitae, consectetu",2019-01-27 17:43:32,4
462,Diverse upward-trending focus group,,2018-12-06 16:59:35,4
463,Customer-focused actuating time-frame,,2018-07-12 06:04:39,4
464,Down-sized 4th generation emulation,,2018-10-31 06:47:53,4
465,Fully-configurable even-keeled portal,Cras in purus eu magna vulputate luctus.,2018-10-21 08:13:29,4
466,Robust transitional service-desk,Aliquam sit amet diam in magna bibendum imperdiet.,2018-07-21 00:20:00,4
467,Intuitive maximized projection,Nam dui.,2018-10-15 00:53:35,4
468,Team-oriented hybrid workforce,,2019-04-25 07:15:19,4
469,User-centric 3rd generation strategy,Ut tellus.,2018-08-13 09:10:36,4
470,Programmable didactic open system,,2018-10-13 22:18:37,4
471,Switchable needs-based complexity,"Vivamus metus arcu, adipiscing molestie, hendrerit",2018-11-08 22:58:07,4
472,Organic optimizing forecast,"Nullam orci pede, venenatis non, sodales sed, tinc",2018-05-25 11:20:47,4
473,Programmable secondary migration,"Quisque erat eros, viverra eget, congue eget, semp",2018-10-25 14:49:44,4
474,Cross-platform executive project,,2019-03-15 02:30:03,4
475,Function-based grid-enabled matrix,Vestibulum rutrum rutrum neque.,2018-06-11 15:51:22,4
476,Proactive client-server forecast,In eleifend quam a odio.,2018-07-20 04:45:31,4
477,Inverse content-based portal,,2018-09-02 08:17:09,4
478,Customer-focused national array,,2018-07-25 07:04:44,4
479,User-friendly methodical hardware,,2019-03-13 00:09:26,4
480,Organic human-resource functionalities,,2018-10-07 09:03:37,4
481,Expanded exuding solution,,2018-12-15 06:11:33,4
482,Focused needs-based protocol,,2018-05-23 00:01:34,4
483,Focused multimedia knowledge user,Sed ante.,2019-02-12 09:49:15,4
484,Ergonomic bi-directional firmware,"Integer aliquet, massa id lobortis convallis, tort",2018-11-07 11:06:14,4
485,Optional modular strategy,In congue.,2019-05-10 23:09:03,4
486,Proactive grid-enabled implementation,,2018-05-15 09:01:38,4
487,Virtual content-based analyzer,Pellentesque ultrices mattis odio.,2018-08-27 13:30:22,4
488,Mandatory radical local area network,Quisque id justo sit amet sapien dignissim vestibu,2018-09-02 05:48:05,4
489,Open-source asymmetric focus group,,2018-08-14 03:10:56,4
490,Business-focused local structure,,2018-06-08 16:18:40,4
491,Balanced multimedia solution,Sed vel enim sit amet nunc viverra dapibus.,2018-05-21 05:15:14,4
492,Digitized motivating hub,Integer tincidunt ante vel ipsum.,2018-10-10 05:46:56,4
493,Devolved impactful service-desk,,2019-05-08 03:03:31,4
494,Cloned 5th generation open architecture,,2019-02-04 17:43:26,4
495,Organized logistical access,,2019-01-05 20:52:58,4
496,Cross-platform attitude-oriented neural-net,"Mauris enim leo, rhoncus sed, vestibulum sit amet,",2019-04-03 17:36:36,4
497,Synergistic secondary encoding,,2018-08-04 10:04:09,4
498,Robust hybrid instruction set,,2018-10-16 18:10:45,4
499,Monitored grid-enabled architecture,Nam tristique tortor eu pede.,2018-12-06 11:16:51,4
500,Versatile system-worthy firmware,Suspendisse ornare consequat lectus.,2018-12-13 02:10:47,4
501,Persevering clear-thinking instruction set,,2019-02-14 05:06:29,4
502,Adaptive client-server encoding,,2019-01-28 02:14:01,4
503,Managed interactive system engine,,2019-04-18 05:48:24,4
504,Digitized demand-driven challenge,,2019-01-12 18:32:23,4
505,De-engineered actuating open system,Aenean lectus.,2019-04-15 09:25:43,4
506,Fully-configurable 5th generation success,,2019-03-13 02:17:32,4
507,User-friendly needs-based project,Morbi non lectus.,2018-09-25 01:02:46,4
508,Customizable 5th generation protocol,,2019-03-11 20:34:18,4
509,Optimized empowering open system,,2018-07-01 05:58:19,4
510,Organized dynamic productivity,,2018-08-18 12:24:06,4
511,Exclusive mobile alliance,Vestibulum ante ipsum primis in faucibus orci luct,2018-06-18 20:14:04,4
512,Open-architected high-level encryption,,2018-05-27 19:25:14,4
513,Streamlined heuristic product,,2018-12-04 08:40:03,4
514,Realigned national Graphical User Interface,,2018-10-07 04:49:45,4
515,Grass-roots global utilisation,,2019-04-12 16:56:32,4
516,Streamlined neutral application,In congue.,2018-08-28 19:30:50,4
517,Intuitive discrete synergy,Proin eu mi.,2018-08-11 15:21:46,4
518,Profound dynamic hierarchy,,2018-11-17 08:38:53,4
519,Ergonomic next generation archive,,2018-07-01 09:28:38,4
520,Multi-lateral asymmetric open architecture,,2018-06-10 03:13:52,4
521,Operative content-based intranet,Nulla tempus.,2019-02-14 16:57:02,4
522,Customizable coherent circuit,,2018-09-12 04:34:40,4
523,Business-focused contextually-based functionalities,"In est risus, auctor sed, tristique in, tempus sit",2018-08-24 17:12:57,4
524,Inverse full-range middleware,Duis at velit eu est congue elementum.,2019-03-22 11:06:51,4
525,Progressive fresh-thinking encryption,Duis at velit eu est congue elementum.,2019-02-08 10:09:57,4
526,Advanced systemic benchmark,"Quisque erat eros, viverra eget, congue eget, semp",2019-02-28 16:36:50,4
527,Intuitive encompassing algorithm,,2018-12-17 21:22:24,4
528,Customer-focused global throughput,,2018-11-14 07:35:53,4
529,Versatile zero tolerance definition,,2019-02-08 22:46:44,4
530,Future-proofed discrete core,,2019-04-05 17:39:09,4
531,Down-sized asynchronous concept,,2019-01-26 23:58:18,4
532,Seamless optimal software,,2018-08-21 08:37:17,4
533,De-engineered system-worthy help-desk,Nulla facilisi.,2018-08-02 11:04:51,4
534,Fundamental asymmetric flexibility,,2018-10-21 21:31:21,4
535,Multi-channelled secondary process improvement,,2018-08-04 08:13:24,4
536,Inverse upward-trending projection,,2019-02-22 10:48:41,4
537,Re-contextualized homogeneous database,,2018-08-19 07:48:33,4
538,Enhanced dynamic archive,,2019-04-04 06:14:11,4
539,Fully-configurable mobile projection,,2018-12-26 22:43:46,4
540,Enhanced high-level access,,2018-06-27 17:45:50,4
541,Front-line incremental pricing structure,Suspendisse ornare consequat lectus.,2018-12-20 14:14:29,4
542,Visionary system-worthy protocol,"Lorem ipsum dolor sit amet, consectetuer adipiscin",2019-03-16 08:34:10,4
543,Organic analyzing extranet,Vestibulum ante ipsum primis in faucibus orci luct,2019-04-28 01:35:27,4
544,Business-focused user-facing matrix,,2018-06-05 19:33:26,4
545,Polarised leading edge budgetary management,Maecenas rhoncus aliquam lacus.,2018-05-29 09:31:49,4
546,Object-based next generation hardware,,2019-01-07 00:26:44,4
547,Re-contextualized holistic middleware,Donec ut mauris eget massa tempor convallis.,2019-02-06 23:36:47,4
548,Devolved national array,Pellentesque at nulla.,2018-07-18 20:43:43,4
549,Sharable optimal database,"Maecenas leo odio, condimentum id, luctus nec, mol",2018-09-17 23:25:02,4
550,Team-oriented exuding flexibility,Morbi porttitor lorem id ligula.,2018-12-14 21:28:10,4
551,Cross-platform bifurcated forecast,,2019-02-19 14:04:06,4
552,Team-oriented heuristic software,,2018-07-29 08:51:11,4
553,Diverse encompassing artificial intelligence,Nulla mollis molestie lorem.,2019-03-28 17:24:21,4
554,Pre-emptive client-driven groupware,,2018-10-31 02:20:00,4
555,Adaptive modular conglomeration,,2018-09-25 18:36:18,4
556,Ergonomic value-added service-desk,In eleifend quam a odio.,2018-12-12 20:46:15,4
557,Re-engineered 5th generation knowledge user,,2018-12-29 20:19:51,4
558,Team-oriented static access,,2018-07-27 16:09:07,4
559,Multi-tiered contextually-based portal,,2018-12-09 04:40:02,4
560,Compatible national secured line,Quisque ut erat.,2019-05-02 09:44:11,4
561,Down-sized content-based policy,,2018-07-31 16:25:14,4
562,Polarised upward-trending pricing structure,,2018-05-29 19:29:03,4
563,Self-enabling non-volatile process improvement,Donec ut mauris eget massa tempor convallis.,2018-07-13 11:26:07,4
564,Organized contextually-based info-mediaries,Nulla ac enim.,2018-10-10 10:27:14,4
565,Configurable responsive circuit,,2018-12-13 18:25:06,4
566,Universal real-time ability,Nam tristique tortor eu pede.,2018-10-09 11:03:27,4
567,Right-sized composite circuit,Donec ut mauris eget massa tempor convallis.,2018-11-19 14:23:32,4
568,Progressive encompassing productivity,Ut at dolor quis odio consequat varius.,2018-05-16 10:48:00,4
569,Visionary mobile project,,2019-03-01 16:56:29,4
570,Cross-platform incremental time-frame,,2019-04-21 15:31:16,4
571,Focused responsive hardware,,2018-07-06 10:39:49,4
572,Cross-platform 3rd generation website,Suspendisse potenti.,2019-01-29 09:00:51,4
573,Multi-tiered multimedia analyzer,Praesent blandit.,2018-10-16 15:52:46,4
574,Business-focused non-volatile adapter,,2019-05-04 22:42:28,4
575,Advanced asymmetric projection,"In tempor, turpis nec euismod scelerisque, quam tu",2018-12-01 23:11:06,4
576,Persistent transitional groupware,Sed vel enim sit amet nunc viverra dapibus.,2019-04-19 23:29:16,4
577,Fundamental heuristic knowledge user,,2018-10-06 16:05:14,4
578,Compatible modular installation,,2019-04-19 16:06:09,4
579,Enhanced dynamic firmware,,2018-11-10 16:42:20,4
580,Proactive dynamic array,,2018-08-25 12:03:43,4
581,Fully-configurable 5th generation attitude,,2018-09-08 19:25:56,4
582,Function-based secondary budgetary management,Morbi vel lectus in quam fringilla rhoncus.,2018-11-14 01:54:32,4
583,Self-enabling hybrid utilisation,Nullam porttitor lacus at turpis.,2019-01-16 12:17:28,4
584,Polarised solution-oriented hardware,,2018-07-27 09:05:21,4
585,Synchronised 3rd generation open system,"Maecenas leo odio, condimentum id, luctus nec, mol",2019-04-07 14:39:12,4
586,Adaptive value-added installation,Vivamus vestibulum sagittis sapien.,2018-12-30 18:03:15,4
587,Customizable real-time contingency,,2018-05-30 21:48:57,4
588,Organic impactful contingency,Pellentesque eget nunc.,2019-01-25 20:14:29,4
589,Organized reciprocal hierarchy,Suspendisse potenti.,2018-12-27 17:34:37,4
590,Enhanced asynchronous challenge,,2018-11-09 20:56:24,4
591,Vision-oriented bifurcated flexibility,,2018-08-14 02:25:48,4
592,Front-line zero tolerance frame,,2019-04-19 17:31:19,4
593,Exclusive explicit hierarchy,,2019-01-28 05:00:37,4
594,Automated cohesive utilisation,"In tempor, turpis nec euismod scelerisque, quam tu",2019-05-08 14:33:32,4
595,Visionary value-added array,,2018-06-27 21:05:26,4
596,Ameliorated incremental data-warehouse,,2019-04-23 22:00:48,4
597,Optional upward-trending matrices,Aenean lectus.,2018-12-18 14:39:57,4
598,Multi-lateral 24/7 neural-net,,2018-11-26 07:56:00,4
599,Expanded bottom-line budgetary management,Ut at dolor quis odio consequat varius.,2018-10-31 18:00:26,4
600,Assimilated web-enabled portal,,2018-05-25 06:00:21,4
601,Mandatory 24/7 installation,,2019-03-11 02:39:08,4
602,Synergized multi-tasking open system,,2018-12-03 11:52:19,4
603,Total composite model,,2018-08-10 00:01:27,4
604,Focused non-volatile migration,,2019-01-22 22:43:22,4
605,Vision-oriented explicit forecast,,2018-10-06 22:48:59,4
606,Intuitive logistical application,Morbi a ipsum.,2019-01-30 12:06:58,4
607,Multi-channelled clear-thinking support,,2018-05-14 03:02:51,4
608,Optional executive artificial intelligence,"In tempor, turpis nec euismod scelerisque, quam tu",2019-04-22 16:27:04,4
609,Expanded user-facing Graphical User Interface,Integer tincidunt ante vel ipsum.,2018-06-19 06:36:47,4
610,Cloned maximized open system,Etiam faucibus cursus urna.,2018-12-27 15:25:19,4
611,User-centric high-level intranet,,2018-09-17 04:48:29,4
612,Sharable 4th generation secured line,,2019-03-26 09:45:01,4
613,Cross-platform scalable project,In hac habitasse platea dictumst.,2018-12-22 21:57:42,4
614,Self-enabling heuristic contingency,Aliquam quis turpis eget elit sodales scelerisque.,2019-04-17 19:32:28,4
615,Devolved methodical archive,,2019-02-25 08:36:07,4
616,Profound zero defect parallelism,,2019-02-25 07:50:45,4
617,Multi-channelled demand-driven pricing structure,Duis consequat dui nec nisi volutpat eleifend.,2018-08-03 16:43:10,4
618,Face to face stable core,Cras pellentesque volutpat dui.,2019-03-25 07:15:13,4
619,Profit-focused transitional leverage,,2018-06-06 05:27:43,4
620,Ergonomic foreground moderator,Vestibulum ante ipsum primis in faucibus orci luct,2019-01-23 09:51:34,4
621,Reverse-engineered empowering project,,2019-03-12 10:27:22,4
622,Switchable 24 hour matrix,,2019-04-25 09:45:44,4
623,Ameliorated radical hardware,In quis justo.,2018-09-18 10:23:14,4
624,Customizable exuding utilisation,In sagittis dui vel nisl.,2019-02-02 15:34:00,4
625,Pre-emptive system-worthy core,,2019-03-12 08:28:28,4
626,Self-enabling contextually-based approach,"Cras mi pede, malesuada in, imperdiet et, commodo ",2018-06-20 18:41:42,4
627,Programmable background synergy,Morbi non lectus.,2019-01-30 21:51:09,4
628,Switchable user-facing access,Etiam faucibus cursus urna.,2019-02-20 14:47:59,4
629,Multi-channelled dynamic circuit,,2018-08-17 20:50:08,4
630,Switchable bi-directional project,,2018-05-23 18:49:14,4
631,Configurable hybrid framework,Vivamus vel nulla eget eros elementum pellentesque,2018-12-10 19:39:24,4
632,Persevering didactic help-desk,,2018-09-16 15:20:42,4
633,Innovative human-resource circuit,,2018-09-07 03:18:04,4
634,User-centric solution-oriented help-desk,,2018-10-07 13:03:08,4
635,Managed next generation open system,"Integer aliquet, massa id lobortis convallis, tort",2018-06-20 11:39:39,4
636,Networked 5th generation circuit,Sed vel enim sit amet nunc viverra dapibus.,2019-04-02 16:38:15,4
637,Seamless system-worthy knowledge user,"Morbi odio odio, elementum eu, interdum eu, tincid",2018-10-12 03:56:05,4
638,Ameliorated next generation product,,2018-05-25 09:14:49,4
639,Business-focused national internet solution,,2018-10-07 08:33:55,4
640,Cross-group needs-based success,Vestibulum ante ipsum primis in faucibus orci luct,2018-09-16 18:57:05,4
641,Synchronised background service-desk,,2018-09-09 23:02:52,4
642,Team-oriented heuristic product,Suspendisse ornare consequat lectus.,2018-09-20 02:28:18,4
643,Re-contextualized didactic process improvement,"Cras mi pede, malesuada in, imperdiet et, commodo ",2018-12-23 23:30:48,4
644,Monitored secondary protocol,,2018-11-16 07:06:20,4
645,Customer-focused didactic website,Suspendisse potenti.,2019-01-21 18:22:54,4
646,Enhanced systematic encoding,,2018-09-03 21:47:56,4
647,Triple-buffered bottom-line encryption,Donec ut mauris eget massa tempor convallis.,2018-09-09 20:19:48,4
648,Business-focused tangible infrastructure,,2018-06-05 09:53:12,4
649,Focused multi-tasking challenge,,2018-12-05 09:02:39,4
650,Adaptive explicit forecast,Duis aliquam convallis nunc.,2019-03-26 06:02:15,4
651,Sharable intangible model,,2018-12-08 06:33:05,4
652,Robust content-based software,,2019-04-09 03:28:15,4
653,Profound high-level artificial intelligence,,2018-09-17 04:56:55,4
654,Extended cohesive intranet,Vivamus vel nulla eget eros elementum pellentesque,2019-03-01 01:15:50,4
655,User-friendly tertiary focus group,,2018-11-08 18:56:58,4
656,Function-based high-level system engine,,2019-04-12 07:14:11,4
657,Sharable holistic methodology,In eleifend quam a odio.,2019-02-26 16:48:10,4
658,Down-sized multimedia initiative,,2018-05-27 17:50:40,4
659,Enhanced intermediate attitude,,2018-10-26 23:43:28,4
660,Proactive systemic methodology,Aenean lectus.,2018-09-27 22:48:43,4
661,Cross-platform content-based utilisation,,2018-10-17 07:12:49,4
662,Right-sized contextually-based matrices,Etiam justo.,2018-07-09 04:22:26,4
663,Optimized background flexibility,Quisque ut erat.,2018-10-11 21:23:06,4
664,Distributed zero tolerance challenge,,2018-05-16 00:32:54,4
665,Front-line actuating definition,Suspendisse ornare consequat lectus.,2018-06-25 16:11:02,4
666,Implemented system-worthy project,,2019-02-02 18:05:25,4
667,De-engineered neutral focus group,Cras pellentesque volutpat dui.,2019-01-03 10:19:31,4
668,Multi-channelled radical implementation,,2018-12-10 08:43:59,4
669,Upgradable incremental migration,,2018-12-23 21:30:46,4
670,Pre-emptive reciprocal conglomeration,"Quisque erat eros, viverra eget, congue eget, semp",2018-12-13 21:08:29,4
671,Streamlined real-time open architecture,In blandit ultrices enim.,2019-02-21 19:08:28,4
672,Organic foreground installation,Praesent id massa id nisl venenatis lacinia.,2018-09-30 21:20:02,4
673,Persistent asymmetric strategy,Nulla facilisi.,2018-10-24 09:48:37,4
674,Cross-group 24/7 adapter,,2019-03-18 15:51:47,4
675,Synergized methodical core,"Maecenas leo odio, condimentum id, luctus nec, mol",2019-02-27 15:07:52,4
676,Centralized leading edge analyzer,,2018-11-22 01:18:22,4
677,Enterprise-wide asymmetric collaboration,,2018-10-06 22:17:15,4
678,Public-key fresh-thinking capability,,2018-11-03 02:32:46,4
679,Managed grid-enabled ability,,2019-04-22 05:25:58,4
680,Expanded 24/7 hub,Cras non velit nec nisi vulputate nonummy.,2018-09-14 09:48:58,4
681,Team-oriented stable encryption,,2019-04-07 20:21:44,4
682,Operative full-range hierarchy,"Integer aliquet, massa id lobortis convallis, tort",2018-11-05 03:09:46,4
683,Cloned methodical hardware,"Morbi vestibulum, velit id pretium iaculis, diam e",2019-04-15 08:09:04,4
684,Assimilated 24/7 algorithm,,2018-09-09 09:44:57,4
685,Grass-roots radical ability,,2019-05-09 06:46:21,4
686,Innovative context-sensitive parallelism,Nullam porttitor lacus at turpis.,2018-07-14 09:14:01,4
687,Business-focused stable complexity,In eleifend quam a odio.,2019-01-16 20:33:15,4
688,Programmable fault-tolerant encoding,,2019-01-22 22:51:09,4
689,Focused bandwidth-monitored moderator,Donec ut mauris eget massa tempor convallis.,2018-11-26 18:26:18,4
690,Cross-group reciprocal synergy,Proin eu mi.,2018-09-30 04:51:39,4
691,Cloned multi-state monitoring,,2018-11-21 16:00:10,4
692,Phased zero administration solution,Vestibulum ante ipsum primis in faucibus orci luct,2019-02-07 11:39:29,4
693,Synergized encompassing application,,2018-10-14 07:22:53,4
694,Cross-group bi-directional info-mediaries,,2018-05-23 14:06:43,4
695,Horizontal background orchestration,Duis mattis egestas metus.,2018-08-14 18:45:46,4
696,Synergistic mission-critical collaboration,"Nam ultrices, libero non mattis pulvinar, nulla pe",2018-08-23 09:49:22,4
697,Exclusive dedicated help-desk,,2019-01-28 16:05:54,4
698,Operative motivating core,,2019-03-21 00:29:14,4
699,Diverse optimal analyzer,,2018-11-02 02:35:34,4
700,Face to face coherent structure,"Vivamus metus arcu, adipiscing molestie, hendrerit",2018-10-19 04:27:16,4
701,Cloned encompassing emulation,,2018-12-18 13:09:37,4
702,Synergized value-added conglomeration,Nulla nisl.,2019-01-03 09:25:22,4
703,Front-line uniform function,,2019-02-05 20:09:09,4
704,Integrated 24 hour definition,,2018-11-25 03:54:38,4
705,Operative regional toolset,"Vestibulum quam sapien, varius ut, blandit non, in",2018-12-09 09:59:25,4
706,Optional directional service-desk,Vivamus vestibulum sagittis sapien.,2018-12-20 19:05:10,4
707,Cloned interactive budgetary management,,2019-03-22 06:41:13,4
708,Profound solution-oriented task-force,Mauris sit amet eros.,2019-01-23 05:49:14,4
709,Fully-configurable even-keeled flexibility,,2018-10-21 21:05:58,4
710,Synergistic asymmetric process improvement,Nulla mollis molestie lorem.,2018-06-14 10:09:08,4
711,Cloned 24/7 interface,,2019-02-06 17:28:35,4
712,Configurable well-modulated functionalities,Nunc purus.,2018-10-04 22:23:58,4
713,Enhanced full-range help-desk,Aenean lectus.,2018-06-19 13:06:16,4
714,Digitized responsive array,,2018-07-05 10:32:00,4
715,Grass-roots zero administration customer loyalty,,2018-06-10 09:03:49,4
716,Robust 24/7 functionalities,Nulla tempus.,2018-12-22 22:00:35,4
717,Vision-oriented reciprocal capacity,,2018-12-29 04:35:29,4
718,Mandatory bi-directional artificial intelligence,"Maecenas leo odio, condimentum id, luctus nec, mol",2018-11-06 07:01:26,4
719,Digitized global algorithm,,2018-10-13 00:49:18,4
720,Reduced asynchronous moratorium,Morbi non quam nec dui luctus rutrum.,2018-07-20 22:14:50,4
721,Self-enabling 24 hour matrices,Donec posuere metus vitae ipsum.,2018-10-18 04:41:17,4
722,Vision-oriented systemic emulation,,2018-12-04 20:27:03,4
723,Polarised holistic infrastructure,Integer a nibh.,2018-07-15 19:56:11,4
724,Quality-focused non-volatile moratorium,Maecenas ut massa quis augue luctus tincidunt.,2018-10-14 02:27:06,4
725,Robust actuating alliance,,2018-06-09 21:59:43,4
726,Enhanced 24 hour matrices,Praesent blandit.,2018-11-26 21:58:39,4
727,Up-sized neutral Graphical User Interface,,2018-08-10 23:56:00,4
728,Decentralized responsive workforce,,2019-04-24 20:46:50,4
729,Secured actuating functionalities,Fusce posuere felis sed lacus.,2019-04-10 14:27:38,4
730,Robust context-sensitive focus group,Proin at turpis a pede posuere nonummy.,2018-07-01 20:16:51,4
731,Public-key exuding website,,2019-02-18 16:44:17,4
732,Reverse-engineered leading edge interface,Sed ante.,2019-04-21 00:50:42,4
733,User-friendly incremental productivity,,2019-03-15 20:27:56,4
734,Synergized web-enabled leverage,,2018-05-14 07:26:45,4
735,Triple-buffered regional capability,,2018-12-01 13:08:34,4
736,Advanced homogeneous standardization,"Maecenas leo odio, condimentum id, luctus nec, mol",2018-10-20 21:56:49,4
737,Quality-focused maximized local area network,Nulla ut erat id mauris vulputate elementum.,2019-04-26 03:40:49,4
738,Centralized tangible product,Nulla tellus.,2019-01-21 06:33:05,4
739,Versatile eco-centric focus group,,2019-01-12 12:21:05,4
740,Fundamental systematic core,Morbi a ipsum.,2019-04-12 08:23:39,4
741,Cross-group mobile frame,,2018-10-02 05:53:25,4
742,Universal intermediate structure,,2018-07-26 23:33:38,4
743,Enterprise-wide intangible secured line,Aenean lectus.,2018-06-16 11:04:22,4
744,Optional systematic projection,In hac habitasse platea dictumst.,2018-12-08 06:59:26,4
745,Front-line bi-directional hardware,Integer ac neque.,2019-02-26 22:58:25,4
746,Multi-channelled multi-tasking application,,2018-08-19 12:09:28,4
747,Mandatory eco-centric monitoring,,2018-07-18 10:41:32,4
748,Public-key maximized system engine,Suspendisse accumsan tortor quis turpis.,2018-08-03 14:03:28,4
749,Fundamental composite algorithm,,2018-11-18 17:04:40,4
750,Mandatory heuristic installation,"Nam congue, risus semper porta volutpat, quam pede",2018-10-13 08:43:17,4
751,Multi-tiered optimal projection,,2019-03-24 11:30:44,4
752,Reduced modular website,Duis consequat dui nec nisi volutpat eleifend.,2019-01-10 01:37:12,4
753,Ergonomic actuating definition,,2018-11-19 22:07:53,4
754,Reverse-engineered eco-centric synergy,Pellentesque at nulla.,2019-03-26 01:50:13,4
755,Networked hybrid array,"Mauris enim leo, rhoncus sed, vestibulum sit amet,",2018-11-04 05:23:41,4
756,Grass-roots zero defect groupware,Cum sociis natoque penatibus et magnis dis parturi,2018-10-12 01:26:00,4
757,Object-based solution-oriented middleware,Sed accumsan felis.,2018-08-14 00:43:31,4
758,Proactive intermediate encryption,Curabitur at ipsum ac tellus semper interdum.,2018-06-04 08:36:07,4
759,Cross-group hybrid ability,Quisque porta volutpat erat.,2018-08-10 10:12:37,4
760,Switchable cohesive frame,,2018-06-14 10:37:20,4
761,De-engineered human-resource groupware,In eleifend quam a odio.,2018-09-02 00:42:18,4
762,Integrated asynchronous solution,Praesent id massa id nisl venenatis lacinia.,2018-07-07 02:07:06,4
763,Virtual bi-directional concept,Aenean sit amet justo.,2018-11-16 00:33:56,4
764,Triple-buffered zero administration focus group,Maecenas tincidunt lacus at velit.,2018-09-03 05:12:34,4
765,Cloned impactful orchestration,,2018-06-27 08:37:58,4
766,Progressive 24/7 website,Pellentesque viverra pede ac diam.,2018-11-10 09:36:11,4
767,Profound 3rd generation parallelism,,2018-07-26 11:45:27,4
768,Upgradable hybrid function,,2019-03-21 05:04:11,4
769,Seamless 24 hour customer loyalty,,2019-03-12 20:07:10,4
770,Reactive asynchronous strategy,,2018-09-20 05:43:10,4
771,Face to face empowering contingency,Aliquam quis turpis eget elit sodales scelerisque.,2019-01-23 12:37:12,4
772,Cross-group homogeneous forecast,"In tempor, turpis nec euismod scelerisque, quam tu",2018-09-08 19:45:42,4
773,Managed modular neural-net,,2019-03-16 19:01:07,4
774,Devolved foreground archive,Morbi ut odio.,2018-07-10 07:08:35,4
775,Future-proofed real-time adapter,,2019-03-08 12:55:52,4
776,Team-oriented optimizing superstructure,,2018-06-03 20:53:16,4
777,Synergistic executive synergy,Aliquam quis turpis eget elit sodales scelerisque.,2018-12-28 09:44:58,4
778,Devolved local complexity,,2019-02-01 06:32:49,4
779,Future-proofed contextually-based projection,,2018-09-24 11:38:11,4
780,Advanced transitional algorithm,,2018-11-19 19:43:50,4
781,Total bandwidth-monitored infrastructure,,2018-07-30 06:31:24,4
782,Phased composite customer loyalty,Maecenas pulvinar lobortis est.,2018-09-04 20:19:30,4
783,Up-sized systemic orchestration,Praesent blandit lacinia erat.,2018-12-17 22:17:05,4
784,Optimized value-added alliance,,2018-12-04 23:47:28,4
785,Networked national help-desk,,2018-12-11 06:08:19,4
786,Synergized bandwidth-monitored synergy,,2019-01-22 17:13:29,4
787,Adaptive bifurcated standardization,Duis ac nibh.,2019-04-11 01:29:14,4
788,Persistent mobile moderator,,2018-06-01 13:36:04,4
789,Configurable composite alliance,Donec posuere metus vitae ipsum.,2018-09-04 18:44:23,4
790,Organic impactful array,,2018-10-23 07:58:38,4
791,Optimized secondary algorithm,,2019-05-04 01:44:22,4
792,Integrated local solution,Phasellus in felis.,2018-10-26 08:25:58,4
793,Compatible next generation archive,Pellentesque ultrices mattis odio.,2019-02-12 18:27:11,4
794,Upgradable composite service-desk,Morbi porttitor lorem id ligula.,2018-09-24 17:39:52,4
795,Upgradable demand-driven workforce,,2018-10-08 14:01:26,4
796,Object-based modular synergy,,2019-02-28 07:08:48,4
797,Exclusive non-volatile instruction set,,2018-12-01 04:24:45,4
798,Versatile impactful Graphic Interface,Mauris lacinia sapien quis libero.,2018-09-23 12:26:45,4
799,Right-sized 24/7 service-desk,Donec semper sapien a libero.,2018-07-04 21:22:00,4
800,Self-enabling coherent firmware,,2018-06-01 17:37:16,4
801,Polarised bandwidth-monitored project,,2018-06-17 13:41:35,4
802,Synergistic impactful project,,2018-09-29 17:54:09,4
803,Exclusive zero defect monitoring,"Quisque erat eros, viverra eget, congue eget, semp",2018-11-17 12:18:43,4
804,Persistent bi-directional access,Maecenas rhoncus aliquam lacus.,2018-05-31 08:22:36,4
805,User-centric directional matrices,,2018-06-25 23:57:40,4
806,Synergistic stable methodology,Integer ac leo.,2018-12-28 09:50:24,4
807,Automated national hierarchy,Maecenas ut massa quis augue luctus tincidunt.,2019-01-12 08:17:39,4
808,Balanced 5th generation help-desk,,2019-03-15 17:10:13,4
809,Realigned static task-force,,2018-09-30 07:57:21,4
810,Synergized bi-directional methodology,Sed accumsan felis.,2018-11-08 22:41:48,4
811,Ergonomic system-worthy algorithm,,2019-03-28 19:09:09,4
812,Phased radical utilisation,,2018-09-12 03:48:14,4
813,Switchable system-worthy protocol,,2019-01-23 23:56:39,4
814,Horizontal client-server solution,,2019-02-06 03:52:24,4
815,Inverse directional migration,,2019-05-05 15:39:23,4
816,Versatile asynchronous product,Integer non velit.,2018-10-15 00:14:30,4
817,Programmable logistical knowledge base,,2018-12-18 05:59:01,4
818,Persistent mission-critical Graphical User Interface,,2018-07-04 19:21:50,4
819,Self-enabling reciprocal standardization,,2019-03-12 06:40:05,4
820,Multi-layered composite complexity,Maecenas tincidunt lacus at velit.,2018-06-16 18:25:23,4
821,Sharable mobile analyzer,Pellentesque ultrices mattis odio.,2019-03-31 07:28:49,4
822,Intuitive next generation ability,Aliquam non mauris.,2018-12-27 20:13:57,4
823,Re-engineered logistical pricing structure,,2019-04-25 02:27:43,4
824,Sharable analyzing time-frame,"In est risus, auctor sed, tristique in, tempus sit",2018-10-24 09:49:01,4
825,Operative optimizing portal,Etiam vel augue.,2019-01-24 10:25:48,4
826,Cross-group user-facing emulation,In eleifend quam a odio.,2019-03-31 14:53:11,4
827,Profound executive secured line,,2018-09-01 02:08:00,4
828,Synchronised content-based system engine,,2018-12-02 05:58:57,4
829,Networked zero administration Graphical User Interface,Vivamus tortor.,2019-01-21 16:13:57,4
830,User-friendly background installation,"Lorem ipsum dolor sit amet, consectetuer adipiscin",2018-06-06 07:24:18,4
831,Cross-platform 5th generation concept,,2018-07-18 07:08:39,4
832,Function-based even-keeled challenge,Nulla tempus.,2019-03-18 00:55:52,4
833,Adaptive background access,Nunc rhoncus dui vel sem.,2018-09-09 07:27:07,4
834,Enterprise-wide maximized open architecture,,2018-05-27 04:19:14,4
835,Phased attitude-oriented concept,,2019-02-01 22:34:15,4
836,Optional explicit encryption,,2018-11-01 20:27:01,4
837,Extended neutral benchmark,Donec semper sapien a libero.,2018-10-15 05:57:04,4
838,Reactive multi-state workforce,,2018-08-03 09:36:41,4
839,Organic foreground website,,2018-06-22 01:09:55,4
840,Innovative contextually-based forecast,,2018-08-13 06:13:15,4
841,Visionary upward-trending core,In quis justo.,2019-01-19 01:44:42,4
842,Automated mobile methodology,,2018-10-05 01:43:19,4
843,Enhanced coherent portal,,2018-10-08 08:34:33,4
844,Managed high-level encoding,,2018-12-19 16:51:39,4
845,Networked radical throughput,,2019-04-10 22:31:16,4
846,Stand-alone mission-critical workforce,Nulla ut erat id mauris vulputate elementum.,2019-02-13 04:48:13,4
847,Future-proofed needs-based throughput,,2018-05-17 12:04:06,4
848,De-engineered empowering moratorium,,2018-06-18 01:37:39,4
849,Integrated regional middleware,,2018-06-23 11:52:25,4
850,Innovative non-volatile archive,,2018-12-03 22:26:05,4
851,Customizable intermediate conglomeration,Praesent lectus.,2018-08-29 01:14:07,4
852,Sharable zero administration model,"Fusce lacus purus, aliquet at, feugiat non, pretiu",2019-04-19 12:34:13,4
853,Switchable bandwidth-monitored middleware,Fusce posuere felis sed lacus.,2018-05-15 15:41:09,4
854,Synergized value-added synergy,Nulla ut erat id mauris vulputate elementum.,2018-12-12 17:57:18,4
855,Diverse even-keeled interface,Sed vel enim sit amet nunc viverra dapibus.,2018-09-02 08:19:29,4
856,Grass-roots upward-trending model,Donec vitae nisi.,2019-01-31 09:25:15,4
857,Intuitive 3rd generation architecture,Donec vitae nisi.,2018-08-12 21:33:28,4
858,Down-sized coherent moratorium,Nullam varius.,2018-09-15 00:34:07,4
859,Reverse-engineered human-resource process improvement,Sed ante.,2019-02-04 10:16:19,4
860,Monitored bifurcated local area network,Integer ac neque.,2019-01-18 11:08:27,4
861,Streamlined actuating utilisation,,2018-09-25 23:48:34,4
862,Progressive non-volatile installation,In sagittis dui vel nisl.,2019-02-06 03:49:55,4
863,Mandatory 24 hour analyzer,Duis at velit eu est congue elementum.,2018-07-05 03:14:24,4
864,Re-engineered tertiary core,Curabitur convallis.,2019-05-08 04:04:01,4
865,Monitored 24 hour success,Proin eu mi.,2018-12-24 12:11:09,4
866,Multi-tiered even-keeled approach,Duis aliquam convallis nunc.,2018-08-30 09:41:06,4
867,Multi-channelled national workforce,,2018-07-23 02:07:14,4
868,Inverse logistical pricing structure,Integer ac leo.,2018-08-31 04:22:14,4
869,Total logistical groupware,,2018-11-24 03:05:05,4
870,Robust logistical toolset,,2018-12-15 21:53:20,4
871,Organic content-based matrix,,2018-08-16 14:50:32,4
872,De-engineered didactic support,Quisque ut erat.,2019-04-22 06:46:04,4
873,Profound homogeneous hierarchy,,2018-11-07 02:12:27,4
874,Automated 3rd generation intranet,Morbi ut odio.,2019-02-19 06:13:33,4
875,Devolved asymmetric matrix,"Aliquam augue quam, sollicitudin vitae, consectetu",2018-07-02 20:26:11,4
876,Configurable intermediate Graphic Interface,,2018-09-02 03:56:29,4
877,Compatible zero administration extranet,,2019-04-07 02:11:27,4
878,Focused zero defect knowledge base,,2018-06-17 01:18:42,4
879,Re-contextualized 3rd generation framework,,2019-04-27 18:57:28,4
880,Upgradable impactful ability,Sed accumsan felis.,2018-11-25 00:25:05,4
881,Customer-focused leading edge structure,Aenean lectus.,2018-08-18 16:51:06,4
882,Robust zero tolerance conglomeration,,2018-07-25 11:21:15,4
883,Seamless attitude-oriented Graphical User Interface,,2018-12-04 15:39:28,4
884,Optional grid-enabled algorithm,,2019-01-06 06:24:31,4
885,Triple-buffered contextually-based model,Maecenas ut massa quis augue luctus tincidunt.,2019-04-09 12:43:51,4
886,Mandatory even-keeled architecture,,2018-12-12 12:58:58,4
887,Devolved exuding contingency,,2018-10-07 23:54:25,4
888,Quality-focused tangible local area network,Praesent id massa id nisl venenatis lacinia.,2018-06-14 16:32:12,4
889,Monitored methodical project,,2019-02-12 18:15:43,4
890,Digitized web-enabled open architecture,Donec dapibus.,2018-06-19 20:18:30,4
891,Sharable 24/7 migration,,2019-03-28 22:15:47,4
892,Distributed context-sensitive access,,2018-07-10 06:55:45,4
893,Cross-platform stable database,,2018-06-11 12:58:17,4
894,Progressive leading edge encoding,Fusce consequat.,2018-12-08 10:05:01,4
895,Face to face background structure,,2019-04-04 19:13:25,4
896,Up-sized client-server capability,Nulla nisl.,2019-03-12 03:26:36,4
897,Public-key intangible interface,,2018-06-14 23:20:59,4
898,Down-sized bifurcated alliance,,2018-07-11 04:39:44,4
899,Universal tangible internet solution,,2018-06-09 07:49:50,4
900,Innovative hybrid complexity,Donec semper sapien a libero.,2019-05-05 20:53:37,4
901,Open-architected bi-directional challenge,,2019-01-07 04:38:31,4
902,Ameliorated modular info-mediaries,,2018-12-22 12:47:58,4
903,Ergonomic scalable conglomeration,,2019-02-14 10:42:53,4
904,Switchable didactic project,Phasellus in felis.,2018-09-08 03:31:46,4
905,Fundamental local array,Duis consequat dui nec nisi volutpat eleifend.,2019-05-08 07:26:00,4
906,Centralized 24/7 utilisation,,2019-03-08 04:48:59,4
907,Mandatory incremental frame,Pellentesque at nulla.,2018-12-13 02:12:03,4
908,Organized intangible projection,,2019-01-31 19:45:03,4
909,Adaptive encompassing application,Curabitur convallis.,2019-04-28 07:40:45,4
910,Upgradable mobile matrix,,2018-11-10 23:14:58,4
911,Implemented interactive superstructure,,2019-03-13 04:30:20,4
912,Function-based fault-tolerant structure,,2019-03-26 03:02:00,4
913,Exclusive empowering project,Nulla ut erat id mauris vulputate elementum.,2018-10-26 01:48:55,4
914,Customer-focused interactive secured line,Nulla suscipit ligula in lacus.,2019-04-27 07:33:46,4
915,Persistent 3rd generation parallelism,,2018-05-18 18:17:11,4
916,Diverse system-worthy help-desk,Aliquam erat volutpat.,2018-05-16 01:18:25,4
917,Mandatory background encryption,Integer ac neque.,2018-07-05 19:32:36,4
918,Proactive methodical orchestration,,2018-12-25 02:19:50,4
919,Distributed national complexity,,2019-05-06 11:27:17,4
920,Future-proofed didactic framework,,2018-06-30 00:08:44,4
921,Monitored executive superstructure,,2018-10-27 05:55:47,4
922,Configurable systematic website,,2018-07-01 20:55:56,4
923,Multi-tiered client-server approach,"In tempor, turpis nec euismod scelerisque, quam tu",2018-05-12 18:00:05,4
924,Face to face fresh-thinking workforce,,2018-09-07 11:02:55,4
925,Visionary actuating collaboration,,2019-05-09 22:32:54,4
926,Persistent methodical parallelism,Pellentesque eget nunc.,2018-09-18 13:26:32,4
927,Versatile optimal open system,Cras non velit nec nisi vulputate nonummy.,2018-10-18 00:01:09,4
928,Multi-channelled impactful intranet,,2018-09-05 04:08:37,4
929,Grass-roots static architecture,"Morbi odio odio, elementum eu, interdum eu, tincid",2018-11-29 00:56:58,4
930,Reverse-engineered even-keeled methodology,Duis consequat dui nec nisi volutpat eleifend.,2018-12-24 23:23:19,4
931,Enterprise-wide tertiary open system,,2019-01-16 22:11:28,4
932,Upgradable full-range collaboration,,2018-12-08 06:33:35,4
933,Robust tangible alliance,Cras non velit nec nisi vulputate nonummy.,2019-05-02 18:29:19,4
934,Synchronised asymmetric open architecture,,2018-06-21 08:17:26,4
935,Phased grid-enabled structure,,2018-12-18 07:57:07,4
936,Function-based actuating open architecture,,2018-07-29 07:38:43,4
937,Multi-layered interactive emulation,"Fusce congue, diam id ornare imperdiet, sapien urn",2018-08-12 15:00:30,4
938,Vision-oriented neutral matrix,Vestibulum ante ipsum primis in faucibus orci luct,2018-07-30 16:31:52,4
939,Right-sized analyzing local area network,,2018-07-30 07:27:14,4
940,Persevering bi-directional function,Praesent id massa id nisl venenatis lacinia.,2018-08-21 02:40:58,4
941,Monitored solution-oriented forecast,Curabitur at ipsum ac tellus semper interdum.,2019-01-03 22:25:49,4
942,Organized grid-enabled installation,Nullam sit amet turpis elementum ligula vehicula c,2018-12-14 00:59:47,4
943,Balanced hybrid time-frame,,2018-07-04 01:27:14,4
944,Balanced national application,"Morbi odio odio, elementum eu, interdum eu, tincid",2019-01-17 11:56:13,4
945,Synergistic 3rd generation projection,Mauris lacinia sapien quis libero.,2018-09-17 14:42:03,4
946,Enhanced even-keeled open system,,2019-02-02 10:19:50,4
947,Multi-layered bi-directional moratorium,,2018-06-26 09:40:19,4
948,User-friendly human-resource service-desk,,2019-02-13 23:00:28,4
949,Advanced human-resource artificial intelligence,,2018-09-18 06:20:45,4
950,Expanded needs-based productivity,Donec vitae nisi.,2019-03-22 00:22:11,4
951,Ameliorated global extranet,,2018-12-13 10:57:49,4
952,Up-sized attitude-oriented open architecture,,2018-09-18 05:49:29,4
953,Polarised transitional customer loyalty,,2018-12-06 13:31:49,4
954,Persistent heuristic encryption,Maecenas tincidunt lacus at velit.,2018-07-10 04:10:50,4
955,Upgradable client-driven strategy,,2019-01-26 06:11:44,4
956,Quality-focused needs-based emulation,Quisque ut erat.,2018-12-06 16:29:58,4
957,Automated even-keeled ability,"Nam ultrices, libero non mattis pulvinar, nulla pe",2018-05-12 01:32:18,4
958,Vision-oriented 6th generation definition,,2019-01-26 21:27:10,4
959,User-centric optimal installation,,2018-07-11 15:43:25,4
960,Distributed executive support,,2018-09-24 17:05:43,4
961,Multi-lateral user-facing database,"Fusce congue, diam id ornare imperdiet, sapien urn",2018-05-12 14:54:40,4
962,Secured uniform strategy,Sed accumsan felis.,2019-03-23 07:38:06,4
963,Enhanced full-range website,,2019-04-06 17:54:20,4
964,Down-sized intangible frame,Curabitur gravida nisi at nibh.,2019-01-12 05:33:14,4
965,Team-oriented explicit hub,Aliquam sit amet diam in magna bibendum imperdiet.,2018-07-03 19:42:51,4
966,Exclusive bandwidth-monitored focus group,"Integer pede justo, lacinia eget, tincidunt eget, ",2019-03-02 13:44:18,4
967,Integrated even-keeled help-desk,,2018-08-07 08:01:50,4
968,Monitored solution-oriented knowledge user,,2018-05-19 05:39:16,4
969,Vision-oriented bi-directional architecture,Nullam sit amet turpis elementum ligula vehicula c,2019-04-13 00:59:49,4
970,User-friendly asymmetric extranet,Integer non velit.,2018-08-23 05:47:30,4
971,Polarised context-sensitive firmware,,2018-07-19 04:56:12,4
972,Synergistic next generation model,"Maecenas leo odio, condimentum id, luctus nec, mol",2019-01-09 13:09:48,4
973,Automated tertiary pricing structure,Integer a nibh.,2018-07-07 08:57:27,4
974,Fundamental eco-centric Graphical User Interface,Nulla suscipit ligula in lacus.,2019-01-09 08:03:23,4
975,Pre-emptive 3rd generation knowledge user,Phasellus sit amet erat.,2018-08-16 20:40:31,4
976,Inverse secondary projection,Proin interdum mauris non ligula pellentesque ultr,2019-02-24 20:56:29,4
977,Visionary local support,,2019-02-03 00:49:36,4
978,Cloned grid-enabled help-desk,Pellentesque eget nunc.,2018-10-28 04:44:40,4
979,Assimilated dynamic open system,,2019-04-06 17:10:50,4
980,Compatible neutral intranet,,2018-07-10 09:46:22,4
981,Team-oriented directional methodology,,2018-11-18 08:59:30,4
982,Decentralized motivating core,,2019-03-14 04:51:03,4
983,Distributed object-oriented concept,,2018-12-11 23:21:49,4
984,Configurable client-driven project,Pellentesque viverra pede ac diam.,2019-04-24 04:37:18,4
985,Universal demand-driven service-desk,Morbi quis tortor id nulla ultrices aliquet.,2018-11-16 04:40:01,4
986,Integrated bottom-line protocol,,2018-05-18 17:07:54,4
987,Progressive impactful ability,Pellentesque at nulla.,2018-09-29 13:51:45,4
988,De-engineered zero defect open system,,2018-06-04 04:30:48,4
989,Enhanced context-sensitive archive,"Quisque arcu libero, rutrum ac, lobortis vel, dapi",2018-06-15 10:59:55,4
990,Synchronised neutral protocol,,2018-08-03 03:30:40,4
991,Ameliorated even-keeled hardware,Donec posuere metus vitae ipsum.,2018-11-07 02:47:55,4
992,Reduced demand-driven website,,2018-08-03 23:22:49,4
993,Re-engineered web-enabled Graphic Interface,Pellentesque viverra pede ac diam.,2018-07-02 20:51:39,4
994,Organized transitional conglomeration,,2018-11-23 01:24:26,4
995,Synergized composite Graphic Interface,Morbi porttitor lorem id ligula.,2018-09-06 20:07:25,4
996,Seamless disintermediate infrastructure,,2019-05-08 21:46:20,4
997,Face to face client-driven protocol,Maecenas pulvinar lobortis est.,2018-07-09 19:56:20,4
998,Operative high-level challenge,,2018-05-11 02:04:06,4
999,Vision-oriented asynchronous core,,2019-01-14 13:32:45,4
1000,Advanced real-time help-desk,,2019-01-17 08:44:47,4
