id,login,password_hash,first_name,last_name,email,image_url,activated,lang_key,created_by,last_modified_by,premium
1,system,$2a$10$mE.qmcV0mFU5NcKh73TZx.z4ueI/.bDWbj0T1BYyqP481kGGarKLG,System,System,system@localhost,,true,en,system,system,true
2,anonymoususer,$2a$10$j8S5d7Sr7.8VTOYNviDPOeWX8KcYILUVJBsYV83Y5NtECayypx9lO,Anonymous,User,anonymous@localhost,,true,en,system,system,true
3,admin,$2a$10$gSAhZrxMllrbgj/kkK9UceBPpChGWJA7SYIb1Mqo.n5aNLq1/oRrC,Administrator,Administrator,admin@localhost,,true,en,system,system,true
4,EnthusiastTraveler,$2a$10$VEjxo0jq2YG9Rbk2HmX9S.k1uZBGYUHdUcid3g/vfiEl7lwWgOH/K,User,User,user@localhost,,true,en,system,system,true
5,vfox0,U0tGZWtwano=,Vita,Fox,vfox0@utexas.edu,,true,en,system,system,
6,nhazley1,QmloWmZkSU5HSzY=,Nolan,Hazley,nhazley1@webeden.co.uk,,true,en,system,system,
7,ubysh2,Zlpld01NVU11NDY=,Ursulina,Bysh,ubysh2@bandcamp.com,,true,en,system,system,
8,hmundow3,TTF1aklVVm4=,Hinda,Mundow,hmundow3@jugem.jp,,true,en,system,system,
9,scicchillo4,S2Y1MTU4RTlkbGxj,Shanan,Cicchillo,scicchillo4@globo.com,,true,en,system,system,
10,spinks5,TTdsNlZ4bjE1QXRo,Sybyl,Pinks,spinks5@ebay.com,,true,en,system,system,
11,cberkely6,SlgwejBZbndoeg==,Cazzie,Berkely,cberkely6@businessinsider.com,,true,en,system,system,
12,sdommerque7,Rm9uWW92cA==,Sherm,Dommerque,sdommerque7@prnewswire.com,,true,en,system,system,
13,aleonards8,OGVXN0F4V1ZkWQ==,Ardella,Leonards,aleonards8@yahoo.co.jp,,true,en,system,system,
14,ycrocket9,NTN3TzdUMDA1dUM=,York,Crocket,ycrocket9@about.com,,true,en,system,system,
15,rsemensa,TGJUSWh1,Ryann,Semens,rsemensa@a8.net,,true,en,system,system,
16,bwattersonb,clRRVXd3akVDWTlp,Bryana,Watterson,bwattersonb@cisco.com,,true,en,system,system,
17,fdeerec,R2JyMzQ1dVNFRkpo,Flemming,Deere,fdeerec@accuweather.com,,true,en,system,system,
18,lfeighneyd,b3JmeVBZT04=,Leilah,Feighney,lfeighneyd@bigcartel.com,,true,en,system,system,
19,frameye,aFY4VGpBbGVm,Franky,Ramey,frameye@discuz.net,,true,en,system,system,
20,hlashmoref,TDZ4WHhKQVB6UA==,Hobart,Lashmore,hlashmoref@tuttocitta.it,,true,en,system,system,
21,ggauvaing,cjd0aVhDUQ==,Giovanni,Gauvain,ggauvaing@marketwatch.com,,true,en,system,system,
22,agapperh,ZzZhVDZR,Angus,Gapper,agapperh@huffingtonpost.com,,true,en,system,system,
23,wcreanei,MFNuQTdoWWRJ,Wilfred,Creane,wcreanei@intel.com,,true,en,system,system,
24,arosbottomj,YWh2R1JmSG5yaQ==,Arvy,Rosbottom,arosbottomj@addthis.com,,true,en,system,system,
25,kiacobaccik,dnlxUFZtaUc1eA==,Kimberley,Iacobacci,kiacobaccik@tiny.cc,,true,en,system,system,
26,dbruinemanl,a2VvTHVDT3MxRVQx,Drucie,Bruineman,dbruinemanl@telegraph.co.uk,,true,en,system,system,
27,wduffilm,MXRFc2lOSg==,Willie,Duffil,wduffilm@mozilla.org,,true,en,system,system,
28,zlangelaann,QjZVVXQya1hOUDQ=,Zena,Langelaan,zlangelaann@acquirethisname.com,,true,en,system,system,
29,nfontino,ell1NXNmWDI=,Nealon,Fontin,nfontino@oaic.gov.au,,true,en,system,system,
30,wchippendalep,cjQ4ZW1l,Wolf,Chippendale,wchippendalep@discuz.net,,true,en,system,system,
31,ccliffq,dmZDTmcxV1dFQ1B0,Corey,Cliff,ccliffq@cam.ac.uk,,true,en,system,system,
32,rgarletter,eEYyNHFa,Rhett,Garlette,rgarletter@nbcnews.com,,true,en,system,system,
33,lmoraiss,anYyY1BaMFl4dm1r,Lauri,Morais,lmoraiss@indiegogo.com,,true,en,system,system,
34,rwordleyt,eHBYR3ltZWRu,Ranee,Wordley,rwordleyt@who.int,,true,en,system,system,
35,fgasconeu,ZkVITm5D,Fanechka,Gascone,fgasconeu@intel.com,,true,en,system,system,
36,pliversleyv,QUJWWXdnTw==,Penelope,Liversley,pliversleyv@samsung.com,,true,en,system,system,
37,jraymontw,bDlsVkZi,Jenilee,Raymont,jraymontw@exblog.jp,,true,en,system,system,
38,atournayx,TThrVHliWXFs,Alex,Tournay,atournayx@artisteer.com,,true,en,system,system,
39,ssambelly,ektnUTNj,Shannen,Sambell,ssambelly@bandcamp.com,,true,en,system,system,
40,egerrietz,N1NQd1ptUHpRQzg=,Ezekiel,Gerriet,egerrietz@godaddy.com,,true,en,system,system,
41,hgittose10,d0RtZXZSWFZyVTRP,Hulda,Gittose,hgittose10@cam.ac.uk,,true,en,system,system,
42,ccutill11,ZlBzQ2drSw==,Craggy,Cutill,ccutill11@time.com,,true,en,system,system,
43,sidel12,SGlZeWxOVFJtYnA=,Sammy,Idel,sidel12@com.com,,true,en,system,system,
44,swillingham13,UEZnWjRaenNQdVYz,Shelli,Willingham,swillingham13@topsy.com,,true,en,system,system,
45,gmozzetti14,dmdXV2I2,Gloriane,Mozzetti,gmozzetti14@yelp.com,,true,en,system,system,
46,ngounel15,SWtvT0FsZlMyT0M=,Natal,Gounel,ngounel15@diigo.com,,true,en,system,system,
47,cyeldham16,OHVyUDNOb0I=,Cacilie,Yeldham,cyeldham16@digg.com,,true,en,system,system,
48,jcraufurd17,Rm0xUVVvWHg=,Jodee,Craufurd,jcraufurd17@stumbleupon.com,,true,en,system,system,
49,vsuggitt18,b3lYMXVKSDFqR1g=,Vaughan,Suggitt,vsuggitt18@china.com.cn,,true,en,system,system,
50,lmilazzo19,dUFzUGxVVUdZbA==,Luke,Milazzo,lmilazzo19@myspace.com,,true,en,system,system,
51,nmccarl1a,NnVOU2Nu,Nilson,McCarl,nmccarl1a@umn.edu,,true,en,system,system,
52,jstannah1b,b0xzMnFyMg==,Juli,Stannah,jstannah1b@cdbaby.com,,true,en,system,system,
53,lconisbee1c,VE1lZVVlRjBmbQ==,Leigha,Conisbee,lconisbee1c@mail.ru,,true,en,system,system,
54,pskaid1d,eG9VOE1m,Peder,Skaid,pskaid1d@360.cn,,true,en,system,system,
55,jridgedell1e,WFNUbVNyNA==,Julissa,Ridgedell,jridgedell1e@163.com,,true,en,system,system,
56,nkernley1f,NEFkeDVoUQ==,Nessy,Kernley,nkernley1f@goodreads.com,,true,en,system,system,
57,sdecruce1g,a2cxOUxMTXQ=,Sharline,De Cruce,sdecruce1g@issuu.com,,true,en,system,system,
58,kbullon1h,R2NYWlZGZ1Bza2Qx,Kimberley,Bullon,kbullon1h@exblog.jp,,true,en,system,system,
59,llabbet1i,M2hHdVQ2,Leia,LAbbet,llabbet1i@themeforest.net,,true,en,system,system,
60,cstelfox1j,cElNVjdzVEQ1U2s=,Camille,Stelfox,cstelfox1j@github.com,,true,en,system,system,
61,nboal1k,TjV3eTZkMEFzcA==,Nari,Boal,nboal1k@symantec.com,,true,en,system,system,
62,jgutch1l,SmJ4b204V3U=,Jeanelle,Gutch,jgutch1l@ucoz.ru,,true,en,system,system,
63,lnewvell1m,VUFBQnJDVk1z,Lee,Newvell,lnewvell1m@youtube.com,,true,en,system,system,
64,cstockbridge1n,R1ZMUGtMdA==,Chan,Stockbridge,cstockbridge1n@51.la,,true,en,system,system,
65,ashorten1o,bTByN0NL,Amby,Shorten,ashorten1o@msu.edu,,true,en,system,system,
66,jhuxtable1p,M3RnY0hWS3RVNDY=,Jaimie,Huxtable,jhuxtable1p@booking.com,,true,en,system,system,
67,bcarslake1q,b1lDWXVNQXJwUDB3,Benni,Carslake,bcarslake1q@rambler.ru,,true,en,system,system,
68,cmountjoy1r,Y1l4UXJUU2Fm,Cheryl,Mountjoy,cmountjoy1r@yellowbook.com,,true,en,system,system,
69,lberntssen1s,N0ZFVzRKYzRMcg==,Leodora,Berntssen,lberntssen1s@twitpic.com,,true,en,system,system,
70,ekerridge1t,cEtsQ1FZZ2k1SQ==,Eugenie,Kerridge,ekerridge1t@cam.ac.uk,,true,en,system,system,
71,jlawlance1u,VHlKVXdXWFV2cQ==,Johan,Lawlance,jlawlance1u@fema.gov,,true,en,system,system,
72,selloway1v,dkRERmNHclc=,Sadella,Elloway,selloway1v@is.gd,,true,en,system,system,
73,aprobart1w,SWhJQ0Rx,Alfredo,Probart,aprobart1w@answers.com,,true,en,system,system,
74,dzemler1x,YUdSeFdQTGpC,Delores,Zemler,dzemler1x@ow.ly,,true,en,system,system,
75,wromeo1y,VEVjMU94cGFIaGg=,Wallie,Romeo,wromeo1y@networkadvertising.org,,true,en,system,system,
76,mprophet1z,QzI4SzM4Zw==,Matthew,Prophet,mprophet1z@blogtalkradio.com,,true,en,system,system,
77,ekinnerk20,UzM0QzgxaVZnUVM=,Emmett,Kinnerk,ekinnerk20@tiny.cc,,true,en,system,system,
78,tgail21,RWt5SE55M0F6RnRD,Torey,Gail,tgail21@cbslocal.com,,true,en,system,system,
79,rgeall22,S0lWdnp6Rg==,Rianon,Geall,rgeall22@flavors.me,,true,en,system,system,
80,gleupoldt23,d3hnUlBJVg==,Gherardo,Leupoldt,gleupoldt23@sourceforge.net,,true,en,system,system,
81,sduddan24,SVZTTXFoSg==,Stafani,Duddan,sduddan24@marriott.com,,true,en,system,system,
82,tfine25,M0JndWIwcFY=,Terri,Fine,tfine25@reference.com,,true,en,system,system,
83,dgraybeal26,Rlh0SGl5eTVlNlk=,Dolley,Graybeal,dgraybeal26@sbwire.com,,true,en,system,system,
84,damner27,c2VESlBZVVpvOWw=,Dari,Amner,damner27@soundcloud.com,,true,en,system,system,
85,kkensitt28,MG5Cbk5mM2hoUg==,Kassie,Kensitt,kkensitt28@cdc.gov,,true,en,system,system,
86,jbanstead29,RHBUcGZ4OWtGYlVT,Julienne,Banstead,jbanstead29@deviantart.com,,true,en,system,system,
87,kcamocke2a,cjJKVVB6,Kelbee,Camocke,kcamocke2a@reddit.com,,true,en,system,system,
88,bmartinetto2b,dTVHUkhuMkNZNGY=,Beatrice,Martinetto,bmartinetto2b@un.org,,true,en,system,system,
89,djiggins2c,M1REdGtDdWFuU1A=,Danyette,Jiggins,djiggins2c@godaddy.com,,true,en,system,system,
90,rledbury2d,RDZrQlZY,Ron,Ledbury,rledbury2d@yellowpages.com,,true,en,system,system,
91,zparlatt2e,TFpoeXVkR3BBNUFF,Zaccaria,Parlatt,zparlatt2e@gov.uk,,true,en,system,system,
92,aornils2f,eUw1a05RNWs=,Ax,Ornils,aornils2f@ft.com,,true,en,system,system,
93,alowen2g,dkxlTFcwRWE0,Amalle,Lowen,alowen2g@princeton.edu,,true,en,system,system,
94,ciaduccelli2h,SUVvVDBTTTVKTnU=,Caterina,Iaduccelli,ciaduccelli2h@spiegel.de,,true,en,system,system,
95,danselmi2i,Q0RHSlRrVQ==,Dalis,Anselmi,danselmi2i@prlog.org,,true,en,system,system,
96,schristofle2j,QXBncTl5Q0pP,Sergeant,Christofle,schristofle2j@cdc.gov,,true,en,system,system,
97,sseers2k,WDljdUxnOGE=,Stanton,Seers,sseers2k@wsj.com,,true,en,system,system,
98,adzeniskevich2l,RERESEJYdUltZHFK,Abdul,Dzeniskevich,adzeniskevich2l@sciencedaily.com,,true,en,system,system,
99,idombrell2m,M1pMS0hXV3FD,Irv,Dombrell,idombrell2m@ft.com,,true,en,system,system,
